event,item,k,id proto,label,start time,end time,random time,velocity,random velocity,velocity control,trunc beg,trunc end,dilation ratio beta,dilation ratio alpha,cycles,cyclic after,force integer number of cycles,articul,preroll,postroll,transposition,transpose first,expand value,expand key,keymap mode,keymap0 p1,keymap0 q1,keymap0 p2,keymap0 q2,keymap1 p1,keymap1 q1,keymap1 p2,keymap1 q2,volume start,volume end,volume channel,volume mode (2 = continuous),modulation start,modulation end,modulation channel,modulation mode,panoramic start,panoramic end,panoramic channel,panoramic mode,pressure start,pressure end,pressure channel, pressure mode,pitchbend start,pitchbend end,pitchbend channel,pitchbend mode,tonal scale,block key
#1,1,(3),0,do5,10,1396,20,64,0,-1,0,0,1.3860,1.3860,1,0,0,0,0.0000,0.0000,0,1,0.0000,-1,OFF,0,0,127,127,0,0,127,127,90,90,1,1,0,0,1,1,64,64,1,1,0,0,1,1,8192,8192,1,1,rameau_en_sib,60
#2,1,(12),0,mib4,18,590,20,64,0,-1,0,0,0.5720,0.5720,1,0,0,0,0.0000,0.0000,0,1,0.0000,-1,OFF,0,0,127,127,0,0,127,127,90,90,1,1,0,0,1,1,64,64,1,1,0,0,1,1,8192,8192,1,1,rameau_en_sib,60
#3,1,(19),0,mib4,18,1173,20,64,0,-1,0,0,1.1550,1.1550,1,0,0,0,0.0000,0.0000,0,1,0.0000,-1,OFF,0,0,127,127,0,0,127,127,90,90,1,1,0,0,1,1,64,64,1,1,0,0,1,1,8192,8192,1,1,rameau_en_sib,60
#4,1,(14),0,sol4,584,1167,20,64,0,-1,0,0,0.5830,0.5830,1,0,0,0,0.0000,0.0000,0,1,0.0000,-1,OFF,0,0,127,127,0,0,127,127,90,90,1,1,0,0,1,1,64,64,1,1,0,0,1,1,8192,8192,1,1,rameau_en_sib,60
#5,1,(5),0,do5,1151,1251,20,64,0,-1,0,0,0.1000,0.1000,1,0,0,0,0.0000,0.0000,0,1,0.0000,-1,OFF,0,0,127,127,0,0,127,127,90,90,1,1,0,0,1,1,64,64,1,1,0,0,1,1,8192,8192,1,1,rameau_en_sib,60
#6,1,(15),0,re4,1171,1753,20,64,0,-1,0,0,0.5820,0.5820,1,0,0,0,0.0000,0.0000,0,1,0.0000,-1,OFF,0,0,127,127,0,0,127,127,90,90,1,1,0,0,1,1,64,64,1,1,0,0,1,1,8192,8192,1,1,rameau_en_sib,60
#7,1,(20),0,re4,1171,2326,20,64,0,-1,0,0,1.1550,1.1550,1,0,0,0,0.0000,0.0000,0,1,0.0000,-1,OFF,0,0,127,127,0,0,127,127,90,90,1,1,0,0,1,1,64,64,1,1,0,0,1,1,8192,8192,1,1,rameau_en_sib,60
#8,1,(6),0,si4,1255,1345,20,64,0,-1,0,0,0.0900,0.0900,1,0,0,0,0.0000,0.0000,0,1,0.0000,-1,OFF,0,0,127,127,0,0,127,127,90,90,1,1,0,0,1,1,64,64,1,1,0,0,1,1,8192,8192,1,1,rameau_en_sib,60
#9,1,(7),0,do5,1374,1475,20,64,0,-1,0,0,0.1010,0.1010,1,0,0,0,0.0000,0.0000,0,1,0.0000,-1,OFF,0,0,127,127,0,0,127,127,90,90,1,1,0,0,1,1,64,64,1,1,0,0,1,1,8192,8192,1,1,rameau_en_sib,60
#10,1,(9),0,si4,1464,2338,20,64,0,-1,0,0,0.8740,0.8740,1,0,0,0,0.0000,0.0000,0,1,0.0000,-1,OFF,0,0,127,127,0,0,127,127,90,90,1,1,0,0,1,1,64,64,1,1,0,0,1,1,8192,8192,1,1,rameau_en_sib,60
#11,1,(16),0,fa4,1742,2315,20,64,0,-1,0,0,0.5730,0.5730,1,0,0,0,0.0000,0.0000,0,1,0.0000,-1,OFF,0,0,127,127,0,0,127,127,90,90,1,1,0,0,1,1,64,64,1,1,0,0,1,1,8192,8192,1,1,rameau_en_sib,60
#12,1,(10),0,mib5,2317,3715,20,64,0,-1,0,0,1.3980,1.3980,1,0,0,0,0.0000,0.0000,0,1,0.0000,-1,OFF,0,0,127,127,0,0,127,127,90,90,1,1,0,0,1,1,64,64,1,1,0,0,1,1,8192,8192,1,1,rameau_en_sib,60
#13,1,(21),0,do4,2329,3494,20,64,0,-1,0,0,1.1650,1.1650,1,0,0,0,0.0000,0.0000,0,1,0.0000,-1,OFF,0,0,127,127,0,0,127,127,90,90,1,1,0,0,1,1,64,64,1,1,0,0,1,1,8192,8192,1,1,rameau_en_sib,60
#14,1,(17),0,do4,2333,2915,20,64,0,-1,0,0,0.5820,0.5820,1,0,0,0,0.0000,0.0000,0,1,0.0000,-1,OFF,0,0,127,127,0,0,127,127,90,90,1,1,0,0,1,1,64,64,1,1,0,0,1,1,8192,8192,1,1,rameau_en_sib,60
#15,1,(18),0,mib4,2914,3497,20,64,0,-1,0,0,0.5830,0.5830,1,0,0,0,0.0000,0.0000,0,1,0.0000,-1,OFF,0,0,127,127,0,0,127,127,90,90,1,1,0,0,1,1,64,64,1,1,0,0,1,1,8192,8192,1,1,rameau_en_sib,60
#16,1,(24),0,mib5,3475,3565,20,64,0,-1,0,0,0.0900,0.0900,1,0,0,0,0.0000,0.0000,0,1,0.0000,-1,OFF,0,0,127,127,0,0,127,127,90,90,1,1,0,0,1,1,64,64,1,1,0,0,1,1,8192,8192,1,1,rameau_en_sib,60
#17,1,(50),0,si3,3484,4639,20,64,0,-1,0,0,1.1550,1.1550,1,0,0,0,0.0000,0.0000,0,1,0.0000,-1,OFF,0,0,127,127,0,0,127,127,90,90,1,1,0,0,1,1,64,64,1,1,0,0,1,1,8192,8192,1,1,rameau_en_sib,60
#18,1,(42),0,si3,3499,4071,20,64,0,-1,0,0,0.5720,0.5720,1,0,0,0,0.0000,0.0000,0,1,0.0000,-1,OFF,0,0,127,127,0,0,127,127,90,90,1,1,0,0,1,1,64,64,1,1,0,0,1,1,8192,8192,1,1,rameau_en_sib,60
#19,1,(25),0,re5,3593,3693,20,64,0,-1,0,0,0.1000,0.1000,1,0,0,0,0.0000,0.0000,0,1,0.0000,-1,OFF,0,0,127,127,0,0,127,127,90,90,1,1,0,0,1,1,64,64,1,1,0,0,1,1,8192,8192,1,1,rameau_en_sib,60
#20,1,(26),0,mib5,3693,3794,20,64,0,-1,0,0,0.1010,0.1010,1,0,0,0,0.0000,0.0000,0,1,0.0000,-1,OFF,0,0,127,127,0,0,127,127,90,90,1,1,0,0,1,1,64,64,1,1,0,0,1,1,8192,8192,1,1,rameau_en_sib,60
#21,1,(28),0,re5,3758,4632,20,64,0,-1,0,0,0.8740,0.8740,1,0,0,0,0.0000,0.0000,0,1,0.0000,-1,OFF,0,0,127,127,0,0,127,127,90,90,1,1,0,0,1,1,64,64,1,1,0,0,1,1,8192,8192,1,1,rameau_en_sib,60
#22,1,(43),0,fa4,4050,4633,20,64,0,-1,0,0,0.5830,0.5830,1,0,0,0,0.0000,0.0000,0,1,0.0000,-1,OFF,0,0,127,127,0,0,127,127,90,90,1,1,0,0,1,1,64,64,1,1,0,0,1,1,8192,8192,1,1,rameau_en_sib,60
#23,1,(51),0,mib4,4623,5778,20,64,0,-1,0,0,1.1550,1.1550,1,0,0,0,0.0000,0.0000,0,1,0.0000,-1,OFF,0,0,127,127,0,0,127,127,90,90,1,1,0,0,1,1,64,64,1,1,0,0,1,1,8192,8192,1,1,rameau_en_sib,60
#24,1,(44),0,mib4,4627,5209,20,64,0,-1,0,0,0.5820,0.5820,1,0,0,0,0.0000,0.0000,0,1,0.0000,-1,OFF,0,0,127,127,0,0,127,127,90,90,1,1,0,0,1,1,64,64,1,1,0,0,1,1,8192,8192,1,1,rameau_en_sib,60
#25,1,(29),0,do5,4647,6033,20,64,0,-1,0,0,1.3860,1.3860,1,0,0,0,0.0000,0.0000,0,1,0.0000,-1,OFF,0,0,127,127,0,0,127,127,90,90,1,1,0,0,1,1,64,64,1,1,0,0,1,1,8192,8192,1,1,rameau_en_sib,60
#26,1,(45),0,sol4,5209,5782,20,64,0,-1,0,0,0.5730,0.5730,1,0,0,0,0.0000,0.0000,0,1,0.0000,-1,OFF,0,0,127,127,0,0,127,127,90,90,1,1,0,0,1,1,64,64,1,1,0,0,1,1,8192,8192,1,1,rameau_en_sib,60
#27,1,(31),0,do5,5785,5885,20,64,0,-1,0,0,0.1000,0.1000,1,0,0,0,0.0000,0.0000,0,1,0.0000,-1,OFF,0,0,127,127,0,0,127,127,90,90,1,1,0,0,1,1,64,64,1,1,0,0,1,1,8192,8192,1,1,rameau_en_sib,60
#28,1,(46),0,re4,5793,6375,20,64,0,-1,0,0,0.5820,0.5820,1,0,0,0,0.0000,0.0000,0,1,0.0000,-1,OFF,0,0,127,127,0,0,127,127,90,90,1,1,0,0,1,1,64,64,1,1,0,0,1,1,8192,8192,1,1,rameau_en_sib,60
#29,1,(52),0,re4,5799,6964,20,64,0,-1,0,0,1.1650,1.1650,1,0,0,0,0.0000,0.0000,0,1,0.0000,-1,OFF,0,0,127,127,0,0,127,127,90,90,1,1,0,0,1,1,64,64,1,1,0,0,1,1,8192,8192,1,1,rameau_en_sib,60
#30,1,(32),0,si4,5899,5999,20,64,0,-1,0,0,0.1000,0.1000,1,0,0,0,0.0000,0.0000,0,1,0.0000,-1,OFF,0,0,127,127,0,0,127,127,90,90,1,1,0,0,1,1,64,64,1,1,0,0,1,1,8192,8192,1,1,rameau_en_sib,60
#31,1,(33),0,do5,5991,6082,20,64,0,-1,0,0,0.0910,0.0910,1,0,0,0,0.0000,0.0000,0,1,0.0000,-1,OFF,0,0,127,127,0,0,127,127,90,90,1,1,0,0,1,1,64,64,1,1,0,0,1,1,8192,8192,1,1,rameau_en_sib,60
#32,1,(35),0,si4,6101,6975,20,64,0,-1,0,0,0.8740,0.8740,1,0,0,0,0.0000,0.0000,0,1,0.0000,-1,OFF,0,0,127,127,0,0,127,127,90,90,1,1,0,0,1,1,64,64,1,1,0,0,1,1,8192,8192,1,1,rameau_en_sib,60
#33,1,(47),0,fa4,6372,6955,20,64,0,-1,0,0,0.5830,0.5830,1,0,0,0,0.0000,0.0000,0,1,0.0000,-1,OFF,0,0,127,127,0,0,127,127,90,90,1,1,0,0,1,1,64,64,1,1,0,0,1,1,8192,8192,1,1,rameau_en_sib,60
#34,1,(53),0,do4,6943,8098,20,64,0,-1,0,0,1.1550,1.1550,1,0,0,0,0.0000,0.0000,0,1,0.0000,-1,OFF,0,0,127,127,0,0,127,127,90,90,1,1,0,0,1,1,64,64,1,1,0,0,1,1,8192,8192,1,1,rameau_en_sib,60
#35,1,(48),0,do4,6948,7530,20,64,0,-1,0,0,0.5820,0.5820,1,0,0,0,0.0000,0.0000,0,1,0.0000,-1,OFF,0,0,127,127,0,0,127,127,90,90,1,1,0,0,1,1,64,64,1,1,0,0,1,1,8192,8192,1,1,rameau_en_sib,60
#36,1,(37),0,do5,6950,7020,20,64,0,-1,0,0,0.0700,0.0700,1,0,0,0,0.0000,0.0000,0,1,0.0000,-1,OFF,0,0,127,127,0,0,127,127,90,90,1,1,0,0,1,1,64,64,1,1,0,0,1,1,8192,8192,1,1,rameau_en_sib,60
#37,1,(38),0,si4,7025,7095,20,64,0,-1,0,0,0.0700,0.0700,1,0,0,0,0.0000,0.0000,0,1,0.0000,-1,OFF,0,0,127,127,0,0,127,127,90,90,1,1,0,0,1,1,64,64,1,1,0,0,1,1,8192,8192,1,1,rameau_en_sib,60
#38,1,(40),0,do5,7097,8112,20,64,0,-1,0,0,1.0150,1.0150,1,0,0,0,0.0000,0.0000,0,1,0.0000,-1,OFF,0,0,127,127,0,0,127,127,90,90,1,1,0,0,1,1,64,64,1,1,0,0,1,1,8192,8192,1,1,rameau_en_sib,60
#39,1,(49),0,mib4,7525,8098,20,64,0,-1,0,0,0.5730,0.5730,1,0,0,0,0.0000,0.0000,0,1,0.0000,-1,OFF,0,0,127,127,0,0,127,127,90,90,1,1,0,0,1,1,64,64,1,1,0,0,1,1,8192,8192,1,1,rameau_en_sib,60
#40,1,(81),0,do4,8108,8208,20,64,0,-1,0,0,0.1000,0.1000,1,0,0,0,0.0000,0.0000,0,1,0.0000,-1,OFF,0,0,127,127,0,0,127,127,90,90,1,1,0,0,1,1,64,64,1,1,0,0,1,1,8192,8192,1,1,rameau_en_sib,60
#41,1,(56),0,re4,8129,8827,20,64,0,-1,0,0,0.6984,0.6984,1,0,0,0,0.0000,0.0000,0,1,0.0000,-1,OFF,0,0,127,127,0,0,127,127,90,90,1,1,0,0,1,1,64,64,1,1,0,0,1,1,8192,8192,1,1,rameau_en_sib,60
#42,1,(74),0,re4,8132,9297,20,64,0,-1,0,0,1.1650,1.1650,1,0,0,0,0.0000,0.0000,0,1,0.0000,-1,OFF,0,0,127,127,0,0,127,127,90,90,1,1,0,0,1,1,64,64,1,1,0,0,1,1,8192,8192,1,1,rameau_en_sib,60
#43,1,(82),0,si3,8199,8289,20,64,0,-1,0,0,0.0900,0.0900,1,0,0,0,0.0000,0.0000,0,1,0.0000,-1,OFF,0,0,127,127,0,0,127,127,90,90,1,1,0,0,1,1,64,64,1,1,0,0,1,1,8192,8192,1,1,rameau_en_sib,60
#44,1,(83),0,do4,8303,8404,20,64,0,-1,0,0,0.1010,0.1010,1,0,0,0,0.0000,0.0000,0,1,0.0000,-1,OFF,0,0,127,127,0,0,127,127,90,90,1,1,0,0,1,1,64,64,1,1,0,0,1,1,8192,8192,1,1,rameau_en_sib,60
#45,1,(85),0,si3,8403,9277,20,64,0,-1,0,0,0.8740,0.8740,1,0,0,0,0.0000,0.0000,0,1,0.0000,-1,OFF,0,0,127,127,0,0,127,127,90,90,1,1,0,0,1,1,64,64,1,1,0,0,1,1,8192,8192,1,1,rameau_en_sib,60
#46,1,(57),0,fa4,8703,9286,20,64,0,-1,0,0,0.5830,0.5830,1,0,0,0,0.0000,0.0000,0,1,0.0000,-1,OFF,0,0,127,127,0,0,127,127,90,90,1,1,0,0,1,1,64,64,1,1,0,0,1,1,8192,8192,1,1,rameau_en_sib,60
#47,1,(87),0,do4,9455,10841,20,64,0,-1,0,0,1.3860,1.3860,1,0,0,0,0.0000,0.0000,0,1,0.0000,-1,OFF,0,0,127,127,0,0,127,127,90,90,1,1,0,0,1,1,64,64,1,1,0,0,1,1,8192,8192,1,1,rameau_en_sib,60
#48,1,(76),0,mib4,9473,10628,20,64,0,-1,0,0,1.1550,1.1550,1,0,0,0,0.0000,0.0000,0,1,0.0000,-1,OFF,0,0,127,127,0,0,127,127,90,90,1,1,0,0,1,1,64,64,1,1,0,0,1,1,8192,8192,1,1,rameau_en_sib,60
#49,1,(60),0,mib4,9482,9519,20,64,0,-1,0,0,0.0372,0.0372,1,0,0,0,0.0000,0.0000,0,1,0.0000,-1,OFF,0,0,127,127,0,0,127,127,90,90,1,1,0,0,1,1,64,64,1,1,0,0,1,1,8192,8192,1,1,rameau_en_sib,60
#50,1,(61),0,re4,9507,9555,20,64,0,-1,0,0,0.0480,0.0480,1,0,0,0,0.0000,0.0000,0,1,0.0000,-1,OFF,0,0,127,127,0,0,127,127,90,90,1,1,0,0,1,1,64,64,1,1,0,0,1,1,8192,8192,1,1,rameau_en_sib,60
#51,1,(63),0,mib4,9545,10159,20,64,0,-1,0,0,0.6144,0.6144,1,0,0,0,0.0000,0.0000,0,1,0.0000,-1,OFF,0,0,127,127,0,0,127,127,90,90,1,1,0,0,1,1,64,64,1,1,0,0,1,1,8192,8192,1,1,rameau_en_sib,60
#52,1,(64),0,sol4,10062,10634,20,64,0,-1,0,0,0.5720,0.5720,1,0,0,0,0.0000,0.0000,0,1,0.0000,-1,OFF,0,0,127,127,0,0,127,127,90,90,1,1,0,0,1,1,64,64,1,1,0,0,1,1,8192,8192,1,1,rameau_en_sib,60
#53,1,(77),0,re4,10613,12011,20,64,0,-1,0,0,1.3980,1.3980,1,0,0,0,0.0000,0.0000,0,1,0.0000,-1,OFF,0,0,127,127,0,0,127,127,90,90,1,1,0,0,1,1,64,64,1,1,0,0,1,1,8192,8192,1,1,rameau_en_sib,60
#54,1,(89),0,do4,10627,10728,20,64,0,-1,0,0,0.1010,0.1010,1,0,0,0,0.0000,0.0000,0,1,0.0000,-1,OFF,0,0,127,127,0,0,127,127,90,90,1,1,0,0,1,1,64,64,1,1,0,0,1,1,8192,8192,1,1,rameau_en_sib,60
#55,1,(65),0,re4,10642,11341,20,64,0,-1,0,0,0.6996,0.6996,1,0,0,0,0.0000,0.0000,0,1,0.0000,-1,OFF,0,0,127,127,0,0,127,127,90,90,1,1,0,0,1,1,64,64,1,1,0,0,1,1,8192,8192,1,1,rameau_en_sib,60
#56,1,(90),0,si3,10744,10834,20,64,0,-1,0,0,0.0900,0.0900,1,0,0,0,0.0000,0.0000,0,1,0.0000,-1,OFF,0,0,127,127,0,0,127,127,90,90,1,1,0,0,1,1,64,64,1,1,0,0,1,1,8192,8192,1,1,rameau_en_sib,60
#57,1,(91),0,do4,10826,10927,20,64,0,-1,0,0,0.1010,0.1010,1,0,0,0,0.0000,0.0000,0,1,0.0000,-1,OFF,0,0,127,127,0,0,127,127,90,90,1,1,0,0,1,1,64,64,1,1,0,0,1,1,8192,8192,1,1,rameau_en_sib,60
#58,1,(93),0,si3,10934,11807,20,64,0,-1,0,0,0.8730,0.8730,1,0,0,0,0.0000,0.0000,0,1,0.0000,-1,OFF,0,0,127,127,0,0,127,127,90,90,1,1,0,0,1,1,64,64,1,1,0,0,1,1,8192,8192,1,1,rameau_en_sib,60
#59,1,(66),0,fa4,11195,11777,20,64,0,-1,0,0,0.5820,0.5820,1,0,0,0,0.0000,0.0000,0,1,0.0000,-1,OFF,0,0,127,127,0,0,127,127,90,90,1,1,0,0,1,1,64,64,1,1,0,0,1,1,8192,8192,1,1,rameau_en_sib,60
#60,1,(68),0,mib4,11775,11812,20,64,0,-1,0,0,0.0372,0.0372,1,0,0,0,0.0000,0.0000,0,1,0.0000,-1,OFF,0,0,127,127,0,0,127,127,90,90,1,1,0,0,1,1,64,64,1,1,0,0,1,1,8192,8192,1,1,rameau_en_sib,60
#61,1,(94),0,do4,11794,12960,20,64,0,-1,0,0,1.1660,1.1660,1,0,0,0,0.0000,0.0000,0,1,0.0000,-1,OFF,0,0,127,127,0,0,127,127,90,90,1,1,0,0,1,1,64,64,1,1,0,0,1,1,8192,8192,1,1,rameau_en_sib,60
#62,1,(78),0,mib4,11796,12951,20,64,0,-1,0,0,1.1550,1.1550,1,0,0,0,0.0000,0.0000,0,1,0.0000,-1,OFF,0,0,127,127,0,0,127,127,90,90,1,1,0,0,1,1,64,64,1,1,0,0,1,1,8192,8192,1,1,rameau_en_sib,60
#63,1,(69),0,re4,11806,11854,20,64,0,-1,0,0,0.0480,0.0480,1,0,0,0,0.0000,0.0000,0,1,0.0000,-1,OFF,0,0,127,127,0,0,127,127,90,90,1,1,0,0,1,1,64,64,1,1,0,0,1,1,8192,8192,1,1,rameau_en_sib,60
#64,1,(71),0,mib4,11851,12465,20,64,0,-1,0,0,0.6144,0.6144,1,0,0,0,0.0000,0.0000,0,1,0.0000,-1,OFF,0,0,127,127,0,0,127,127,90,90,1,1,0,0,1,1,64,64,1,1,0,0,1,1,8192,8192,1,1,rameau_en_sib,60
#65,1,(72),0,sol4,12362,12944,20,64,0,-1,0,0,0.5820,0.5820,1,0,0,0,0.0000,0.0000,0,1,0.0000,-1,OFF,0,0,127,127,0,0,127,127,90,90,1,1,0,0,1,1,64,64,1,1,0,0,1,1,8192,8192,1,1,rameau_en_sib,60
#66,1,(97),0,si3,12925,13508,20,64,0,-1,0,0,0.5830,0.5830,1,0,0,0,0.0000,0.0000,0,1,0.0000,-1,OFF,0,0,127,127,0,0,127,127,90,90,1,1,0,0,1,1,64,64,1,1,0,0,1,1,8192,8192,1,1,rameau_en_sib,60
#67,1,(109),0,fa3,12926,14081,20,64,0,-1,0,0,1.1550,1.1550,1,0,0,0,0.0000,0.0000,0,1,0.0000,-1,OFF,0,0,127,127,0,0,127,127,90,90,1,1,0,0,1,1,64,64,1,1,0,0,1,1,8192,8192,1,1,rameau_en_sib,60
#68,1,(105),0,si3,12951,14106,20,64,0,-1,0,0,1.1550,1.1550,1,0,0,0,0.0000,0.0000,0,1,0.0000,-1,OFF,0,0,127,127,0,0,127,127,90,90,1,1,0,0,1,1,64,64,1,1,0,0,1,1,8192,8192,1,1,rameau_en_sib,60
#69,1,(98),0,sol4,13517,14089,20,64,0,-1,0,0,0.5720,0.5720,1,0,0,0,0.0000,0.0000,0,1,0.0000,-1,OFF,0,0,127,127,0,0,127,127,90,90,1,1,0,0,1,1,64,64,1,1,0,0,1,1,8192,8192,1,1,rameau_en_sib,60
#70,1,(110),0,mib3,14088,15486,20,64,0,-1,0,0,1.3980,1.3980,1,0,0,0,0.0000,0.0000,0,1,0.0000,-1,OFF,0,0,127,127,0,0,127,127,90,90,1,1,0,0,1,1,64,64,1,1,0,0,1,1,8192,8192,1,1,rameau_en_sib,60
#71,1,(107),0,do4,14105,16425,20,64,0,-1,0,0,2.3200,2.3200,1,0,0,0,0.0000,0.0000,0,1,0.0000,-1,OFF,0,0,127,127,0,0,127,127,90,90,1,1,0,0,1,1,64,64,1,1,0,0,1,1,8192,8192,1,1,rameau_en_sib,60
#72,1,(99),0,do4,14113,14696,20,64,0,-1,0,0,0.5830,0.5830,1,0,0,0,0.0000,0.0000,0,1,0.0000,-1,OFF,0,0,127,127,0,0,127,127,90,90,1,1,0,0,1,1,64,64,1,1,0,0,1,1,8192,8192,1,1,rameau_en_sib,60
#73,1,(100),0,sol4,14689,15271,20,64,0,-1,0,0,0.5820,0.5820,1,0,0,0,0.0000,0.0000,0,1,0.0000,-1,OFF,0,0,127,127,0,0,127,127,90,90,1,1,0,0,1,1,64,64,1,1,0,0,1,1,8192,8192,1,1,rameau_en_sib,60
#74,1,(101),0,sol4,15258,15945,20,64,0,-1,0,0,0.6876,0.6876,1,0,0,0,0.0000,0.0000,0,1,0.0000,-1,OFF,0,0,127,127,0,0,127,127,90,90,1,1,0,0,1,1,64,64,1,1,0,0,1,1,8192,8192,1,1,rameau_en_sib,60
#75,1,(112),0,fa3,15266,15337,20,64,0,-1,0,0,0.0710,0.0710,1,0,0,0,0.0000,0.0000,0,1,0.0000,-1,OFF,0,0,127,127,0,0,127,127,90,90,1,1,0,0,1,1,64,64,1,1,0,0,1,1,8192,8192,1,1,rameau_en_sib,60
#76,1,(113),0,mib3,15350,15420,20,64,0,-1,0,0,0.0700,0.0700,1,0,0,0,0.0000,0.0000,0,1,0.0000,-1,OFF,0,0,127,127,0,0,127,127,90,90,1,1,0,0,1,1,64,64,1,1,0,0,1,1,8192,8192,1,1,rameau_en_sib,60
#77,1,(115),0,fa3,15418,16432,20,64,0,-1,0,0,1.0140,1.0140,1,0,0,0,0.0000,0.0000,0,1,0.0000,-1,OFF,0,0,127,127,0,0,127,127,90,90,1,1,0,0,1,1,64,64,1,1,0,0,1,1,8192,8192,1,1,rameau_en_sib,60
#78,1,(102),0,fa4,15857,16439,20,64,0,-1,0,0,0.5820,0.5820,1,0,0,0,0.0000,0.0000,0,1,0.0000,-1,OFF,0,0,127,127,0,0,127,127,90,90,1,1,0,0,1,1,64,64,1,1,0,0,1,1,8192,8192,1,1,rameau_en_sib,60
#79,1,(116),0,sol3,16405,17571,20,64,0,-1,0,0,1.1660,1.1660,1,0,0,0,0.0000,0.0000,0,1,0.0000,-1,OFF,0,0,127,127,0,0,127,127,90,90,1,1,0,0,1,1,64,64,1,1,0,0,1,1,8192,8192,1,1,rameau_en_sib,60
#80,1,(103),0,mib4,16422,17121,20,64,0,-1,0,0,0.6996,0.6996,1,0,0,0,0.0000,0.0000,0,1,0.0000,-1,OFF,0,0,127,127,0,0,127,127,90,90,1,1,0,0,1,1,64,64,1,1,0,0,1,1,8192,8192,1,1,rameau_en_sib,60
#81,1,(108),0,si3,16433,17599,20,64,0,-1,0,0,1.1660,1.1660,1,0,0,0,0.0000,0.0000,0,1,0.0000,-1,OFF,0,0,127,127,0,0,127,127,90,90,1,1,0,0,1,1,64,64,1,1,0,0,1,1,8192,8192,1,1,rameau_en_sib,60
#82,1,(104),0,re4,16995,17578,20,64,0,-1,0,0,0.5830,0.5830,1,0,0,0,0.0000,0.0000,0,1,0.0000,-1,OFF,0,0,127,127,0,0,127,127,90,90,1,1,0,0,1,1,64,64,1,1,0,0,1,1,8192,8192,1,1,rameau_en_sib,60
#83,1,(133),0,do4,17580,18584,20,64,0,-1,0,0,1.0040,1.0040,1,0,0,0,0.0000,0.0000,0,1,0.0000,-1,OFF,0,0,127,127,0,0,127,127,90,90,1,1,0,0,1,1,64,64,1,1,0,0,1,1,8192,8192,1,1,rameau_en_sib,60
#84,1,(119),0,re4,17585,17729,20,64,0,-1,0,0,0.1440,0.1440,1,0,0,0,0.0000,0.0000,0,1,0.0000,-1,OFF,0,0,127,127,0,0,127,127,90,90,1,1,0,0,1,1,64,64,1,1,0,0,1,1,8192,8192,1,1,rameau_en_sib,60
#85,1,(136),0,do3,17594,18598,20,64,0,-1,0,0,1.0040,1.0040,1,0,0,0,0.0000,0.0000,0,1,0.0000,-1,OFF,0,0,127,127,0,0,127,127,90,90,1,1,0,0,1,1,64,64,1,1,0,0,1,1,8192,8192,1,1,rameau_en_sib,60
#86,1,(122),0,mib4,17709,17759,20,64,0,-1,0,0,0.0500,0.0500,1,0,0,0,0.0000,0.0000,0,1,0.0000,-1,OFF,0,0,127,127,0,0,127,127,90,90,1,1,0,0,1,1,64,64,1,1,0,0,1,1,8192,8192,1,1,rameau_en_sib,60
#87,1,(123),0,re4,17759,17820,20,64,0,-1,0,0,0.0610,0.0610,1,0,0,0,0.0000,0.0000,0,1,0.0000,-1,OFF,0,0,127,127,0,0,127,127,90,90,1,1,0,0,1,1,64,64,1,1,0,0,1,1,8192,8192,1,1,rameau_en_sib,60
#88,1,(125),0,mib4,17811,18584,20,64,0,-1,0,0,0.7730,0.7730,1,0,0,0,0.0000,0.0000,0,1,0.0000,-1,OFF,0,0,127,127,0,0,127,127,90,90,1,1,0,0,1,1,64,64,1,1,0,0,1,1,8192,8192,1,1,rameau_en_sib,60
#89,1,(127),0,mib5,18738,19742,20,64,0,-1,0,0,1.0040,1.0040,1,0,0,0,0.0000,0.0000,0,1,0.0000,-1,OFF,0,0,127,127,0,0,127,127,90,90,1,1,0,0,1,1,64,64,1,1,0,0,1,1,8192,8192,1,1,rameau_en_sib,60
#90,1,(148),0,do4,18741,19745,20,64,0,-1,0,0,1.0040,1.0040,1,0,0,0,0.0000,0.0000,0,1,0.0000,-1,OFF,0,0,127,127,0,0,127,127,90,90,1,1,0,0,1,1,64,64,1,1,0,0,1,1,8192,8192,1,1,rameau_en_sib,60
#91,1,(139),0,do4,18743,19245,20,64,0,-1,0,0,0.5020,0.5020,1,0,0,0,0.0000,0.0000,0,1,0.0000,-1,OFF,0,0,127,127,0,0,127,127,90,90,1,1,0,0,1,1,64,64,1,1,0,0,1,1,8192,8192,1,1,rameau_en_sib,60
#92,1,(141),0,sol4,19258,19760,20,64,0,-1,0,0,0.5020,0.5020,1,0,0,0,0.0000,0.0000,0,1,0.0000,-1,OFF,0,0,127,127,0,0,127,127,90,90,1,1,0,0,1,1,64,64,1,1,0,0,1,1,8192,8192,1,1,rameau_en_sib,60
#93,1,(149),0,fa4,19749,20753,20,64,0,-1,0,0,1.0040,1.0040,1,0,0,0,0.0000,0.0000,0,1,0.0000,-1,OFF,0,0,127,127,0,0,127,127,90,90,1,1,0,0,1,1,64,64,1,1,0,0,1,1,8192,8192,1,1,rameau_en_sib,60
#94,1,(129),0,re5,19760,19916,20,64,0,-1,0,0,0.1560,0.1560,1,0,0,0,0.0000,0.0000,0,1,0.0000,-1,OFF,0,0,127,127,0,0,127,127,90,90,1,1,0,0,1,1,64,64,1,1,0,0,1,1,8192,8192,1,1,rameau_en_sib,60
#95,1,(142),0,fa4,19770,20272,20,64,0,-1,0,0,0.5020,0.5020,1,0,0,0,0.0000,0.0000,0,1,0.0000,-1,OFF,0,0,127,127,0,0,127,127,90,90,1,1,0,0,1,1,64,64,1,1,0,0,1,1,8192,8192,1,1,rameau_en_sib,60
#96,1,(131),0,do5,19867,20751,20,64,0,-1,0,0,0.8840,0.8840,1,0,0,0,0.0000,0.0000,0,1,0.0000,-1,OFF,0,0,127,127,0,0,127,127,90,90,1,1,0,0,1,1,64,64,1,1,0,0,1,1,8192,8192,1,1,rameau_en_sib,60
#97,1,(143),0,lab4,20259,20761,20,64,0,-1,0,0,0.5020,0.5020,1,0,0,0,0.0000,0.0000,0,1,0.0000,-1,OFF,0,0,127,127,0,0,127,127,90,90,1,1,0,0,1,1,64,64,1,1,0,0,1,1,8192,8192,1,1,rameau_en_sib,60
#98,1,(150),0,re4,20743,21748,20,64,0,-1,0,0,1.0050,1.0050,1,0,0,0,0.0000,0.0000,0,1,0.0000,-1,OFF,0,0,127,127,0,0,127,127,90,90,1,1,0,0,1,1,64,64,1,1,0,0,1,1,8192,8192,1,1,rameau_en_sib,60
#99,1,(144),0,re4,20751,21253,20,64,0,-1,0,0,0.5020,0.5020,1,0,0,0,0.0000,0.0000,0,1,0.0000,-1,OFF,0,0,127,127,0,0,127,127,90,90,1,1,0,0,1,1,64,64,1,1,0,0,1,1,8192,8192,1,1,rameau_en_sib,60
#100,1,(132),0,fa5,20755,21760,20,64,0,-1,0,0,1.0050,1.0050,1,0,0,0,0.0000,0.0000,0,1,0.0000,-1,OFF,0,0,127,127,0,0,127,127,90,90,1,1,0,0,1,1,64,64,1,1,0,0,1,1,8192,8192,1,1,rameau_en_sib,60
#101,1,(145),0,la4,21252,21755,20,64,0,-1,0,0,0.5030,0.5030,1,0,0,0,0.0000,0.0000,0,1,0.0000,-1,OFF,0,0,127,127,0,0,127,127,90,90,1,1,0,0,1,1,64,64,1,1,0,0,1,1,8192,8192,1,1,rameau_en_sib,60
#102,1,(153),0,mib5,21769,21925,20,64,0,-1,0,0,0.1560,0.1560,1,0,0,0,0.0000,0.0000,0,1,0.0000,-1,OFF,0,0,127,127,0,0,127,127,90,90,1,1,0,0,1,1,64,64,1,1,0,0,1,1,8192,8192,1,1,rameau_en_sib,60
#103,1,(163),0,sol4,21780,22282,20,64,0,-1,0,0,0.5020,0.5020,1,0,0,0,0.0000,0.0000,0,1,0.0000,-1,OFF,0,0,127,127,0,0,127,127,90,90,1,1,0,0,1,1,64,64,1,1,0,0,1,1,8192,8192,1,1,rameau_en_sib,60
#104,1,(171),0,sol4,21782,22786,20,64,0,-1,0,0,1.0040,1.0040,1,0,0,0,0.0000,0.0000,0,1,0.0000,-1,OFF,0,0,127,127,0,0,127,127,90,90,1,1,0,0,1,1,64,64,1,1,0,0,1,1,8192,8192,1,1,rameau_en_sib,60
#105,1,(155),0,re5,21877,22761,20,64,0,-1,0,0,0.8840,0.8840,1,0,0,0,0.0000,0.0000,0,1,0.0000,-1,OFF,0,0,127,127,0,0,127,127,90,90,1,1,0,0,1,1,64,64,1,1,0,0,1,1,8192,8192,1,1,rameau_en_sib,60
#106,1,(164),0,sib4,22276,22778,20,64,0,-1,0,0,0.5020,0.5020,1,0,0,0,0.0000,0.0000,0,1,0.0000,-1,OFF,0,0,127,127,0,0,127,127,90,90,1,1,0,0,1,1,64,64,1,1,0,0,1,1,8192,8192,1,1,rameau_en_sib,60
#107,1,(172),0,mib4,22768,23772,20,64,0,-1,0,0,1.0040,1.0040,1,0,0,0,0.0000,0.0000,0,1,0.0000,-1,OFF,0,0,127,127,0,0,127,127,90,90,1,1,0,0,1,1,64,64,1,1,0,0,1,1,8192,8192,1,1,rameau_en_sib,60
#108,1,(165),0,mib4,22773,23275,20,64,0,-1,0,0,0.5020,0.5020,1,0,0,0,0.0000,0.0000,0,1,0.0000,-1,OFF,0,0,127,127,0,0,127,127,90,90,1,1,0,0,1,1,64,64,1,1,0,0,1,1,8192,8192,1,1,rameau_en_sib,60
#109,1,(156),0,sol5,22787,23791,20,64,0,-1,0,0,1.0040,1.0040,1,0,0,0,0.0000,0.0000,0,1,0.0000,-1,OFF,0,0,127,127,0,0,127,127,90,90,1,1,0,0,1,1,64,64,1,1,0,0,1,1,8192,8192,1,1,rameau_en_sib,60
#110,1,(166),0,si4,23255,23757,20,64,0,-1,0,0,0.5020,0.5020,1,0,0,0,0.0000,0.0000,0,1,0.0000,-1,OFF,0,0,127,127,0,0,127,127,90,90,1,1,0,0,1,1,64,64,1,1,0,0,1,1,8192,8192,1,1,rameau_en_sib,60
#111,1,(173),0,lab4,23761,24766,20,64,0,-1,0,0,1.0050,1.0050,1,0,0,0,0.0000,0.0000,0,1,0.0000,-1,OFF,0,0,127,127,0,0,127,127,90,90,1,1,0,0,1,1,64,64,1,1,0,0,1,1,8192,8192,1,1,rameau_en_sib,60
#112,1,(158),0,fa5,23764,23921,20,64,0,-1,0,0,0.1572,0.1572,1,0,0,0,0.0000,0.0000,0,1,0.0000,-1,OFF,0,0,127,127,0,0,127,127,90,90,1,1,0,0,1,1,64,64,1,1,0,0,1,1,8192,8192,1,1,rameau_en_sib,60
#113,1,(167),0,lab4,23774,24276,20,64,0,-1,0,0,0.5020,0.5020,1,0,0,0,0.0000,0.0000,0,1,0.0000,-1,OFF,0,0,127,127,0,0,127,127,90,90,1,1,0,0,1,1,64,64,1,1,0,0,1,1,8192,8192,1,1,rameau_en_sib,60
#114,1,(160),0,mib5,23915,24799,20,64,0,-1,0,0,0.8840,0.8840,1,0,0,0,0.0000,0.0000,0,1,0.0000,-1,OFF,0,0,127,127,0,0,127,127,90,90,1,1,0,0,1,1,64,64,1,1,0,0,1,1,8192,8192,1,1,rameau_en_sib,60
#115,1,(168),0,do5,24291,24794,20,64,0,-1,0,0,0.5030,0.5030,1,0,0,0,0.0000,0.0000,0,1,0.0000,-1,OFF,0,0,127,127,0,0,127,127,90,90,1,1,0,0,1,1,64,64,1,1,0,0,1,1,8192,8192,1,1,rameau_en_sib,60
#116,1,(169),0,fa4,24774,25276,20,64,0,-1,0,0,0.5020,0.5020,1,0,0,0,0.0000,0.0000,0,1,0.0000,-1,OFF,0,0,127,127,0,0,127,127,90,90,1,1,0,0,1,1,64,64,1,1,0,0,1,1,8192,8192,1,1,rameau_en_sib,60
#117,1,(174),0,fa4,24781,25785,20,64,0,-1,0,0,1.0040,1.0040,1,0,0,0,0.0000,0.0000,0,1,0.0000,-1,OFF,0,0,127,127,0,0,127,127,90,90,1,1,0,0,1,1,64,64,1,1,0,0,1,1,8192,8192,1,1,rameau_en_sib,60
#118,1,(161),0,lab5,24791,25795,20,64,0,-1,0,0,1.0040,1.0040,1,0,0,0,0.0000,0.0000,0,1,0.0000,-1,OFF,0,0,127,127,0,0,127,127,90,90,1,1,0,0,1,1,64,64,1,1,0,0,1,1,8192,8192,1,1,rameau_en_sib,60
#119,1,(170),0,re5,25291,25793,20,64,0,-1,0,0,0.5020,0.5020,1,0,0,0,0.0000,0.0000,0,1,0.0000,-1,OFF,0,0,127,127,0,0,127,127,90,90,1,1,0,0,1,1,64,64,1,1,0,0,1,1,8192,8192,1,1,rameau_en_sib,60
#120,1,(178),0,la5,25768,25848,20,64,0,-1,0,0,0.0800,0.0800,1,0,0,0,0.0000,0.0000,0,1,0.0000,-1,OFF,0,0,127,127,0,0,127,127,90,90,1,1,0,0,1,1,64,64,1,1,0,0,1,1,8192,8192,1,1,rameau_en_sib,60
#121,1,(198),0,do5,25788,26732,20,64,0,-1,0,0,0.9440,0.9440,1,0,0,0,0.0000,0.0000,0,1,0.0000,-1,OFF,0,0,127,127,0,0,127,127,90,90,1,1,0,0,1,1,64,64,1,1,0,0,1,1,8192,8192,1,1,rameau_en_sib,60
#122,1,(188),0,do5,25797,26269,20,64,0,-1,0,0,0.4720,0.4720,1,0,0,0,0.0000,0.0000,0,1,0.0000,-1,OFF,0,0,127,127,0,0,127,127,90,90,1,1,0,0,1,1,64,64,1,1,0,0,1,1,8192,8192,1,1,rameau_en_sib,60
#123,1,(179),0,sol5,25859,25940,20,64,0,-1,0,0,0.0810,0.0810,1,0,0,0,0.0000,0.0000,0,1,0.0000,-1,OFF,0,0,127,127,0,0,127,127,90,90,1,1,0,0,1,1,64,64,1,1,0,0,1,1,8192,8192,1,1,rameau_en_sib,60
#124,1,(180),0,la5,25959,26039,20,64,0,-1,0,0,0.0800,0.0800,1,0,0,0,0.0000,0.0000,0,1,0.0000,-1,OFF,0,0,127,127,0,0,127,127,90,90,1,1,0,0,1,1,64,64,1,1,0,0,1,1,8192,8192,1,1,rameau_en_sib,60
#125,1,(182),0,sol5,26038,26751,20,64,0,-1,0,0,0.7130,0.7130,1,0,0,0,0.0000,0.0000,0,1,0.0000,-1,OFF,0,0,127,127,0,0,127,127,90,90,1,1,0,0,1,1,64,64,1,1,0,0,1,1,8192,8192,1,1,rameau_en_sib,60
#126,1,(189),0,mib5,26265,26737,20,64,0,-1,0,0,0.4720,0.4720,1,0,0,0,0.0000,0.0000,0,1,0.0000,-1,OFF,0,0,127,127,0,0,127,127,90,90,1,1,0,0,1,1,64,64,1,1,0,0,1,1,8192,8192,1,1,rameau_en_sib,60
#127,1,(191),0,sib4,26866,27328,20,64,0,-1,0,0,0.4620,0.4620,1,0,0,0,0.0000,0.0000,0,1,0.0000,-1,OFF,0,0,127,127,0,0,127,127,90,90,1,1,0,0,1,1,64,64,1,1,0,0,1,1,8192,8192,1,1,rameau_en_sib,60
#128,1,(200),0,sib4,26884,27818,20,64,0,-1,0,0,0.9340,0.9340,1,0,0,0,0.0000,0.0000,0,1,0.0000,-1,OFF,0,0,127,127,0,0,127,127,90,90,1,1,0,0,1,1,64,64,1,1,0,0,1,1,8192,8192,1,1,rameau_en_sib,60
#129,1,(184),0,sol5,26903,27837,20,64,0,-1,0,0,0.9340,0.9340,1,0,0,0,0.0000,0.0000,0,1,0.0000,-1,OFF,0,0,127,127,0,0,127,127,90,90,1,1,0,0,1,1,64,64,1,1,0,0,1,1,8192,8192,1,1,rameau_en_sib,60
#130,1,(192),0,mi5,27349,27821,20,64,0,-1,0,0,0.4720,0.4720,1,0,0,0,0.0000,0.0000,0,1,0.0000,-1,OFF,0,0,127,127,0,0,127,127,90,90,1,1,0,0,1,1,64,64,1,1,0,0,1,1,8192,8192,1,1,rameau_en_sib,60
#131,1,(201),0,lab4,27803,28747,20,64,0,-1,0,0,0.9440,0.9440,1,0,0,0,0.0000,0.0000,0,1,0.0000,-1,OFF,0,0,127,127,0,0,127,127,90,90,1,1,0,0,1,1,64,64,1,1,0,0,1,1,8192,8192,1,1,rameau_en_sib,60
#132,1,(185),0,do6,27822,28766,20,64,0,-1,0,0,0.9440,0.9440,1,0,0,0,0.0000,0.0000,0,1,0.0000,-1,OFF,0,0,127,127,0,0,127,127,90,90,1,1,0,0,1,1,64,64,1,1,0,0,1,1,8192,8192,1,1,rameau_en_sib,60
#133,1,(193),0,lab4,27830,28302,20,64,0,-1,0,0,0.4720,0.4720,1,0,0,0,0.0000,0.0000,0,1,0.0000,-1,OFF,0,0,127,127,0,0,127,127,90,90,1,1,0,0,1,1,64,64,1,1,0,0,1,1,8192,8192,1,1,rameau_en_sib,60
#134,1,(194),0,fa5,28299,28771,20,64,0,-1,0,0,0.4720,0.4720,1,0,0,0,0.0000,0.0000,0,1,0.0000,-1,OFF,0,0,127,127,0,0,127,127,90,90,1,1,0,0,1,1,64,64,1,1,0,0,1,1,8192,8192,1,1,rameau_en_sib,60
#135,1,(186),0,sib5,28745,29877,20,64,0,-1,0,0,1.1328,1.1328,1,0,0,0,0.0000,0.0000,0,1,0.0000,-1,OFF,0,0,127,127,0,0,127,127,90,90,1,1,0,0,1,1,64,64,1,1,0,0,1,1,8192,8192,1,1,rameau_en_sib,60
#136,1,(202),0,sol4,28752,29696,20,64,0,-1,0,0,0.9440,0.9440,1,0,0,0,0.0000,0.0000,0,1,0.0000,-1,OFF,0,0,127,127,0,0,127,127,90,90,1,1,0,0,1,1,64,64,1,1,0,0,1,1,8192,8192,1,1,rameau_en_sib,60
#137,1,(195),0,sol4,28773,29245,20,64,0,-1,0,0,0.4720,0.4720,1,0,0,0,0.0000,0.0000,0,1,0.0000,-1,OFF,0,0,127,127,0,0,127,127,90,90,1,1,0,0,1,1,64,64,1,1,0,0,1,1,8192,8192,1,1,rameau_en_sib,60
#138,1,(196),0,mi5,29242,29714,20,64,0,-1,0,0,0.4720,0.4720,1,0,0,0,0.0000,0.0000,0,1,0.0000,-1,OFF,0,0,127,127,0,0,127,127,90,90,1,1,0,0,1,1,64,64,1,1,0,0,1,1,8192,8192,1,1,rameau_en_sib,60
#139,1,(205),0,lab5,29700,29760,20,64,0,-1,0,0,0.0600,0.0600,1,0,0,0,0.0000,0.0000,0,1,0.0000,-1,OFF,0,0,127,127,0,0,127,127,90,90,1,1,0,0,1,1,64,64,1,1,0,0,1,1,8192,8192,1,1,rameau_en_sib,60
#140,1,(226),0,fa4,29703,30647,20,64,0,-1,0,0,0.9440,0.9440,1,0,0,0,0.0000,0.0000,0,1,0.0000,-1,OFF,0,0,127,127,0,0,127,127,90,90,1,1,0,0,1,1,64,64,1,1,0,0,1,1,8192,8192,1,1,rameau_en_sib,60
#141,1,(218),0,fa4,29706,30178,20,64,0,-1,0,0,0.4720,0.4720,1,0,0,0,0.0000,0.0000,0,1,0.0000,-1,OFF,0,0,127,127,0,0,127,127,90,90,1,1,0,0,1,1,64,64,1,1,0,0,1,1,8192,8192,1,1,rameau_en_sib,60
#142,1,(206),0,sol5,29774,29834,20,64,0,-1,0,0,0.0600,0.0600,1,0,0,0,0.0000,0.0000,0,1,0.0000,-1,OFF,0,0,127,127,0,0,127,127,90,90,1,1,0,0,1,1,64,64,1,1,0,0,1,1,8192,8192,1,1,rameau_en_sib,60
#143,1,(208),0,lab5,29812,30646,20,64,0,-1,0,0,0.8340,0.8340,1,0,0,0,0.0000,0.0000,0,1,0.0000,-1,OFF,0,0,127,127,0,0,127,127,90,90,1,1,0,0,1,1,64,64,1,1,0,0,1,1,8192,8192,1,1,rameau_en_sib,60
#144,1,(219),0,do5,30189,30661,20,64,0,-1,0,0,0.4720,0.4720,1,0,0,0,0.0000,0.0000,0,1,0.0000,-1,OFF,0,0,127,127,0,0,127,127,90,90,1,1,0,0,1,1,64,64,1,1,0,0,1,1,8192,8192,1,1,rameau_en_sib,60
#145,1,(209),0,sol5,30636,31570,20,64,0,-1,0,0,0.9340,0.9340,1,0,0,0,0.0000,0.0000,0,1,0.0000,-1,OFF,0,0,127,127,0,0,127,127,90,90,1,1,0,0,1,1,64,64,1,1,0,0,1,1,8192,8192,1,1,rameau_en_sib,60
#146,1,(227),0,sol4,30636,31570,20,64,0,-1,0,0,0.9340,0.9340,1,0,0,0,0.0000,0.0000,0,1,0.0000,-1,OFF,0,0,127,127,0,0,127,127,90,90,1,1,0,0,1,1,64,64,1,1,0,0,1,1,8192,8192,1,1,rameau_en_sib,60
#147,1,(220),0,sol4,30664,31126,20,64,0,-1,0,0,0.4620,0.4620,1,0,0,0,0.0000,0.0000,0,1,0.0000,-1,OFF,0,0,127,127,0,0,127,127,90,90,1,1,0,0,1,1,64,64,1,1,0,0,1,1,8192,8192,1,1,rameau_en_sib,60
#148,1,(221),0,do5,31118,31590,20,64,0,-1,0,0,0.4720,0.4720,1,0,0,0,0.0000,0.0000,0,1,0.0000,-1,OFF,0,0,127,127,0,0,127,127,90,90,1,1,0,0,1,1,64,64,1,1,0,0,1,1,8192,8192,1,1,rameau_en_sib,60
#149,1,(228),0,lab4,31568,32512,20,64,0,-1,0,0,0.9440,0.9440,1,0,0,0,0.0000,0.0000,0,1,0.0000,-1,OFF,0,0,127,127,0,0,127,127,90,90,1,1,0,0,1,1,64,64,1,1,0,0,1,1,8192,8192,1,1,rameau_en_sib,60
#150,1,(211),0,sol5,31573,31653,20,64,0,-1,0,0,0.0800,0.0800,1,0,0,0,0.0000,0.0000,0,1,0.0000,-1,OFF,0,0,127,127,0,0,127,127,90,90,1,1,0,0,1,1,64,64,1,1,0,0,1,1,8192,8192,1,1,rameau_en_sib,60
#151,1,(222),0,lab4,31573,32045,20,64,0,-1,0,0,0.4720,0.4720,1,0,0,0,0.0000,0.0000,0,1,0.0000,-1,OFF,0,0,127,127,0,0,127,127,90,90,1,1,0,0,1,1,64,64,1,1,0,0,1,1,8192,8192,1,1,rameau_en_sib,60
#152,1,(212),0,fa5,31662,31743,20,64,0,-1,0,0,0.0810,0.0810,1,0,0,0,0.0000,0.0000,0,1,0.0000,-1,OFF,0,0,127,127,0,0,127,127,90,90,1,1,0,0,1,1,64,64,1,1,0,0,1,1,8192,8192,1,1,rameau_en_sib,60
#153,1,(213),0,sol5,31754,31834,20,64,0,-1,0,0,0.0800,0.0800,1,0,0,0,0.0000,0.0000,0,1,0.0000,-1,OFF,0,0,127,127,0,0,127,127,90,90,1,1,0,0,1,1,64,64,1,1,0,0,1,1,8192,8192,1,1,rameau_en_sib,60
#154,1,(215),0,fa5,31834,32547,20,64,0,-1,0,0,0.7130,0.7130,1,0,0,0,0.0000,0.0000,0,1,0.0000,-1,OFF,0,0,127,127,0,0,127,127,90,90,1,1,0,0,1,1,64,64,1,1,0,0,1,1,8192,8192,1,1,rameau_en_sib,60
#155,1,(223),0,do5,32063,32535,20,64,0,-1,0,0,0.4720,0.4720,1,0,0,0,0.0000,0.0000,0,1,0.0000,-1,OFF,0,0,127,127,0,0,127,127,90,90,1,1,0,0,1,1,64,64,1,1,0,0,1,1,8192,8192,1,1,rameau_en_sib,60
#156,1,(216),0,mib5,32517,33461,20,64,0,-1,0,0,0.9440,0.9440,1,0,0,0,0.0000,0.0000,0,1,0.0000,-1,OFF,0,0,127,127,0,0,127,127,90,90,1,1,0,0,1,1,64,64,1,1,0,0,1,1,8192,8192,1,1,rameau_en_sib,60
#157,1,(229),0,fa4,32537,33481,20,64,0,-1,0,0,0.9440,0.9440,1,0,0,0,0.0000,0.0000,0,1,0.0000,-1,OFF,0,0,127,127,0,0,127,127,90,90,1,1,0,0,1,1,64,64,1,1,0,0,1,1,8192,8192,1,1,rameau_en_sib,60
#158,1,(224),0,fa4,32541,33013,20,64,0,-1,0,0,0.4720,0.4720,1,0,0,0,0.0000,0.0000,0,1,0.0000,-1,OFF,0,0,127,127,0,0,127,127,90,90,1,1,0,0,1,1,64,64,1,1,0,0,1,1,8192,8192,1,1,rameau_en_sib,60
#159,1,(225),0,do5,32990,33462,20,64,0,-1,0,0,0.4720,0.4720,1,0,0,0,0.0000,0.0000,0,1,0.0000,-1,OFF,0,0,127,127,0,0,127,127,90,90,1,1,0,0,1,1,64,64,1,1,0,0,1,1,8192,8192,1,1,rameau_en_sib,60
#160,1,(247),0,sib4,33459,35468,20,64,0,-1,0,0,2.0090,2.0090,1,0,0,0,0.0000,0.0000,0,1,0.0000,-1,OFF,0,0,127,127,0,0,127,127,90,90,1,1,0,0,1,1,64,64,1,1,0,0,1,1,8192,8192,1,1,rameau_en_sib,60
#161,1,(232),0,mib5,33461,33542,20,64,0,-1,0,0,0.0810,0.0810,1,0,0,0,0.0000,0.0000,0,1,0.0000,-1,OFF,0,0,127,127,0,0,127,127,90,90,1,1,0,0,1,1,64,64,1,1,0,0,1,1,8192,8192,1,1,rameau_en_sib,60
#162,1,(250),0,sib4,33491,33993,20,64,0,-1,0,0,0.5020,0.5020,1,0,0,0,0.0000,0.0000,0,1,0.0000,-1,OFF,0,0,127,127,0,0,127,127,90,90,1,1,0,0,1,1,64,64,1,1,0,0,1,1,8192,8192,1,1,rameau_en_sib,60
#163,1,(233),0,re5,33574,33654,20,64,0,-1,0,0,0.0800,0.0800,1,0,0,0,0.0000,0.0000,0,1,0.0000,-1,OFF,0,0,127,127,0,0,127,127,90,90,1,1,0,0,1,1,64,64,1,1,0,0,1,1,8192,8192,1,1,rameau_en_sib,60
#164,1,(234),0,mib5,33641,33731,20,64,0,-1,0,0,0.0900,0.0900,1,0,0,0,0.0000,0.0000,0,1,0.0000,-1,OFF,0,0,127,127,0,0,127,127,90,90,1,1,0,0,1,1,64,64,1,1,0,0,1,1,8192,8192,1,1,rameau_en_sib,60
#165,1,(236),0,re5,33724,34478,20,64,0,-1,0,0,0.7540,0.7540,1,0,0,0,0.0000,0.0000,0,1,0.0000,-1,OFF,0,0,127,127,0,0,127,127,90,90,1,1,0,0,1,1,64,64,1,1,0,0,1,1,8192,8192,1,1,rameau_en_sib,60
#166,1,(251),0,lab4,33978,34481,20,64,0,-1,0,0,0.5030,0.5030,1,0,0,0,0.0000,0.0000,0,1,0.0000,-1,OFF,0,0,127,127,0,0,127,127,90,90,1,1,0,0,1,1,64,64,1,1,0,0,1,1,8192,8192,1,1,rameau_en_sib,60
#167,1,(253),0,sol4,34459,36467,20,64,0,-1,0,0,2.0080,2.0080,1,0,0,0,0.0000,0.0000,0,1,0.0000,-1,OFF,0,0,127,127,0,0,127,127,90,90,1,1,0,0,1,1,64,64,1,1,0,0,1,1,8192,8192,1,1,rameau_en_sib,60
#168,1,(238),0,sib5,34469,36477,20,64,0,-1,0,0,2.0080,2.0080,1,0,0,0,0.0000,0.0000,0,1,0.0000,-1,OFF,0,0,127,127,0,0,127,127,90,90,1,1,0,0,1,1,64,64,1,1,0,0,1,1,8192,8192,1,1,rameau_en_sib,60
#169,1,(243),0,reb5,34965,35467,20,64,0,-1,0,0,0.5020,0.5020,1,0,0,0,0.0000,0.0000,0,1,0.0000,-1,OFF,0,0,127,127,0,0,127,127,90,90,1,1,0,0,1,1,64,64,1,1,0,0,1,1,8192,8192,1,1,rameau_en_sib,60
#170,1,(248),0,lab4,35502,37511,20,64,0,-1,0,0,2.0090,2.0090,1,0,0,0,0.0000,0.0000,0,1,0.0000,-1,OFF,0,0,127,127,0,0,127,127,90,90,1,1,0,0,1,1,64,64,1,1,0,0,1,1,8192,8192,1,1,rameau_en_sib,60
#171,1,(244),0,do5,35973,36977,20,64,0,-1,0,0,1.0040,1.0040,1,0,0,0,0.0000,0.0000,0,1,0.0000,-1,OFF,0,0,127,127,0,0,127,127,90,90,1,1,0,0,1,1,64,64,1,1,0,0,1,1,8192,8192,1,1,rameau_en_sib,60
#172,1,(239),0,lab5,36477,38476,20,64,0,-1,0,0,1.9990,1.9990,1,0,0,0,0.0000,0.0000,0,1,0.0000,-1,OFF,0,0,127,127,0,0,127,127,90,90,1,1,0,0,1,1,64,64,1,1,0,0,1,1,8192,8192,1,1,rameau_en_sib,60
#173,1,(254),0,fa4,36482,38491,20,64,0,-1,0,0,2.0090,2.0090,1,0,0,0,0.0000,0.0000,0,1,0.0000,-1,OFF,0,0,127,127,0,0,127,127,90,90,1,1,0,0,1,1,64,64,1,1,0,0,1,1,8192,8192,1,1,rameau_en_sib,60
#174,1,(245),0,do5,36996,37499,20,64,0,-1,0,0,0.5030,0.5030,1,0,0,0,0.0000,0.0000,0,1,0.0000,-1,OFF,0,0,127,127,0,0,127,127,90,90,1,1,0,0,1,1,64,64,1,1,0,0,1,1,8192,8192,1,1,rameau_en_sib,60
#175,1,(265),0,sol4,37493,39501,20,64,0,-1,0,0,2.0080,2.0080,1,0,0,0,0.0000,0.0000,0,1,0.0000,-1,OFF,0,0,127,127,0,0,127,127,90,90,1,1,0,0,1,1,64,64,1,1,0,0,1,1,8192,8192,1,1,rameau_en_sib,60
#176,1,(260),0,sib4,37988,38992,20,64,0,-1,0,0,1.0040,1.0040,1,0,0,0,0.0000,0.0000,0,1,0.0000,-1,OFF,0,0,127,127,0,0,127,127,90,90,1,1,0,0,1,1,64,64,1,1,0,0,1,1,8192,8192,1,1,rameau_en_sib,60
#177,1,(268),0,mib4,38486,40495,20,64,0,-1,0,0,2.0090,2.0090,1,0,0,0,0.0000,0.0000,0,1,0.0000,-1,OFF,0,0,127,127,0,0,127,127,90,90,1,1,0,0,1,1,64,64,1,1,0,0,1,1,8192,8192,1,1,rameau_en_sib,60
#178,1,(257),0,sol5,38507,40516,20,64,0,-1,0,0,2.0090,2.0090,1,0,0,0,0.0000,0.0000,0,1,0.0000,-1,OFF,0,0,127,127,0,0,127,127,90,90,1,1,0,0,1,1,64,64,1,1,0,0,1,1,8192,8192,1,1,rameau_en_sib,60
#179,1,(261),0,sib4,38990,39492,20,64,0,-1,0,0,0.5020,0.5020,1,0,0,0,0.0000,0.0000,0,1,0.0000,-1,OFF,0,0,127,127,0,0,127,127,90,90,1,1,0,0,1,1,64,64,1,1,0,0,1,1,8192,8192,1,1,rameau_en_sib,60
#180,1,(266),0,fa4,39516,41525,20,64,0,-1,0,0,2.0090,2.0090,1,0,0,0,0.0000,0.0000,0,1,0.0000,-1,OFF,0,0,127,127,0,0,127,127,90,90,1,1,0,0,1,1,64,64,1,1,0,0,1,1,8192,8192,1,1,rameau_en_sib,60
#181,1,(262),0,lab4,39983,40486,20,64,0,-1,0,0,0.5030,0.5030,1,0,0,0,0.0000,0.0000,0,1,0.0000,-1,OFF,0,0,127,127,0,0,127,127,90,90,1,1,0,0,1,1,64,64,1,1,0,0,1,1,8192,8192,1,1,rameau_en_sib,60
#182,1,(269),0,re4,40509,41713,20,64,0,-1,0,0,1.2048,1.2048,1,0,0,0,0.0000,0.0000,0,1,0.0000,-1,OFF,0,0,127,127,0,0,127,127,90,90,1,1,0,0,1,1,64,64,1,1,0,0,1,1,8192,8192,1,1,rameau_en_sib,60
#183,1,(258),0,fa5,40521,41525,20,64,0,-1,0,0,1.0040,1.0040,1,0,0,0,0.0000,0.0000,0,1,0.0000,-1,OFF,0,0,127,127,0,0,127,127,90,90,1,1,0,0,1,1,64,64,1,1,0,0,1,1,8192,8192,1,1,rameau_en_sib,60
#184,1,(263),0,lab4,41010,41512,20,64,0,-1,0,0,0.5020,0.5020,1,0,0,0,0.0000,0.0000,0,1,0.0000,-1,OFF,0,0,127,127,0,0,127,127,90,90,1,1,0,0,1,1,64,64,1,1,0,0,1,1,8192,8192,1,1,rameau_en_sib,60
#185,1,(280),0,lab4,41497,41999,20,64,0,-1,0,0,0.5020,0.5020,1,0,0,0,0.0000,0.0000,0,1,0.0000,-1,OFF,0,0,127,127,0,0,127,127,90,90,1,1,0,0,1,1,64,64,1,1,0,0,1,1,8192,8192,1,1,rameau_en_sib,60
#186,1,(287),0,mib4,41506,41566,20,64,0,-1,0,0,0.0600,0.0600,1,0,0,0,0.0000,0.0000,0,1,0.0000,-1,OFF,0,0,127,127,0,0,127,127,90,90,1,1,0,0,1,1,64,64,1,1,0,0,1,1,8192,8192,1,1,rameau_en_sib,60
#187,1,(271),0,fa5,41515,42519,20,64,0,-1,0,0,1.0040,1.0040,1,0,0,0,0.0000,0.0000,0,1,0.0000,-1,OFF,0,0,127,127,0,0,127,127,90,90,1,1,0,0,1,1,64,64,1,1,0,0,1,1,8192,8192,1,1,rameau_en_sib,60
#188,1,(288),0,re4,41560,41620,20,64,0,-1,0,0,0.0600,0.0600,1,0,0,0,0.0000,0.0000,0,1,0.0000,-1,OFF,0,0,127,127,0,0,127,127,90,90,1,1,0,0,1,1,64,64,1,1,0,0,1,1,8192,8192,1,1,rameau_en_sib,60
#189,1,(290),0,mib4,41617,42501,20,64,0,-1,0,0,0.8840,0.8840,1,0,0,0,0.0000,0.0000,0,1,0.0000,-1,OFF,0,0,127,127,0,0,127,127,90,90,1,1,0,0,1,1,64,64,1,1,0,0,1,1,8192,8192,1,1,rameau_en_sib,60
#190,1,(281),0,sol4,42001,42503,20,64,0,-1,0,0,0.5020,0.5020,1,0,0,0,0.0000,0.0000,0,1,0.0000,-1,OFF,0,0,127,127,0,0,127,127,90,90,1,1,0,0,1,1,64,64,1,1,0,0,1,1,8192,8192,1,1,rameau_en_sib,60
#191,1,(282),0,mib5,42508,43010,20,64,0,-1,0,0,0.5020,0.5020,1,0,0,0,0.0000,0.0000,0,1,0.0000,-1,OFF,0,0,127,127,0,0,127,127,90,90,1,1,0,0,1,1,64,64,1,1,0,0,1,1,8192,8192,1,1,rameau_en_sib,60
#192,1,(291),0,sol3,42520,43726,20,64,0,-1,0,0,1.2060,1.2060,1,0,0,0,0.0000,0.0000,0,1,0.0000,-1,OFF,0,0,127,127,0,0,127,127,90,90,1,1,0,0,1,1,64,64,1,1,0,0,1,1,8192,8192,1,1,rameau_en_sib,60
#193,1,(273),0,mib5,42524,43026,20,64,0,-1,0,0,0.5020,0.5020,1,0,0,0,0.0000,0.0000,0,1,0.0000,-1,OFF,0,0,127,127,0,0,127,127,90,90,1,1,0,0,1,1,64,64,1,1,0,0,1,1,8192,8192,1,1,rameau_en_sib,60
#194,1,(274),0,sib4,43012,43515,20,64,0,-1,0,0,0.5030,0.5030,1,0,0,0,0.0000,0.0000,0,1,0.0000,-1,OFF,0,0,127,127,0,0,127,127,90,90,1,1,0,0,1,1,64,64,1,1,0,0,1,1,8192,8192,1,1,rameau_en_sib,60
#195,1,(283),0,sib4,43029,43532,20,64,0,-1,0,0,0.5030,0.5030,1,0,0,0,0.0000,0.0000,0,1,0.0000,-1,OFF,0,0,127,127,0,0,127,127,90,90,1,1,0,0,1,1,64,64,1,1,0,0,1,1,8192,8192,1,1,rameau_en_sib,60
#196,1,(298),0,lab3,43500,44504,20,64,0,-1,0,0,1.0040,1.0040,1,0,0,0,0.0000,0.0000,0,1,0.0000,-1,OFF,0,0,127,127,0,0,127,127,90,90,1,1,0,0,1,1,64,64,1,1,0,0,1,1,8192,8192,1,1,rameau_en_sib,60
#197,1,(275),0,do5,43503,44507,20,64,0,-1,0,0,1.0040,1.0040,1,0,0,0,0.0000,0.0000,0,1,0.0000,-1,OFF,0,0,127,127,0,0,127,127,90,90,1,1,0,0,1,1,64,64,1,1,0,0,1,1,8192,8192,1,1,rameau_en_sib,60
#198,1,(293),0,lab3,43503,43563,20,64,0,-1,0,0,0.0600,0.0600,1,0,0,0,0.0000,0.0000,0,1,0.0000,-1,OFF,0,0,127,127,0,0,127,127,90,90,1,1,0,0,1,1,64,64,1,1,0,0,1,1,8192,8192,1,1,rameau_en_sib,60
#199,1,(294),0,sol3,43563,43623,20,64,0,-1,0,0,0.0600,0.0600,1,0,0,0,0.0000,0.0000,0,1,0.0000,-1,OFF,0,0,127,127,0,0,127,127,90,90,1,1,0,0,1,1,64,64,1,1,0,0,1,1,8192,8192,1,1,rameau_en_sib,60
#200,1,(296),0,lab3,43649,45537,20,64,0,-1,0,0,1.8880,1.8880,1,0,0,0,0.0000,0.0000,0,1,0.0000,-1,OFF,0,0,127,127,0,0,127,127,90,90,1,1,0,0,1,1,64,64,1,1,0,0,1,1,8192,8192,1,1,rameau_en_sib,60
#201,1,(284),0,lab4,44013,45017,20,64,0,-1,0,0,1.0040,1.0040,1,0,0,0,0.0000,0.0000,0,1,0.0000,-1,OFF,0,0,127,127,0,0,127,127,90,90,1,1,0,0,1,1,64,64,1,1,0,0,1,1,8192,8192,1,1,rameau_en_sib,60
#202,1,(277),0,fa5,44514,45016,20,64,0,-1,0,0,0.5020,0.5020,1,0,0,0,0.0000,0.0000,0,1,0.0000,-1,OFF,0,0,127,127,0,0,127,127,90,90,1,1,0,0,1,1,64,64,1,1,0,0,1,1,8192,8192,1,1,rameau_en_sib,60
#203,1,(299),0,fa3,44514,45518,20,64,0,-1,0,0,1.0040,1.0040,1,0,0,0,0.0000,0.0000,0,1,0.0000,-1,OFF,0,0,127,127,0,0,127,127,90,90,1,1,0,0,1,1,64,64,1,1,0,0,1,1,8192,8192,1,1,rameau_en_sib,60
#204,1,(278),0,do5,45013,45515,20,64,0,-1,0,0,0.5020,0.5020,1,0,0,0,0.0000,0.0000,0,1,0.0000,-1,OFF,0,0,127,127,0,0,127,127,90,90,1,1,0,0,1,1,64,64,1,1,0,0,1,1,8192,8192,1,1,rameau_en_sib,60
#205,1,(285),0,lab4,45019,47128,20,64,0,-1,0,0,2.1090,2.1090,1,0,0,0,0.0000,0.0000,0,1,0.0000,-1,OFF,0,0,127,127,0,0,127,127,90,90,1,1,0,0,1,1,64,64,1,1,0,0,1,1,8192,8192,1,1,rameau_en_sib,60
#206,1,(314),0,sib3,45509,46799,20,64,0,-1,0,0,1.2900,1.2900,1,0,0,0,0.0000,0.0000,0,1,0.0000,-1,OFF,0,0,127,127,0,0,127,127,90,90,1,1,0,0,1,1,64,64,1,1,0,0,1,1,8192,8192,1,1,rameau_en_sib,60
#207,1,(302),0,re5,45517,46050,20,64,0,-1,0,0,0.5330,0.5330,1,0,0,0,0.0000,0.0000,0,1,0.0000,-1,OFF,0,0,127,127,0,0,127,127,90,90,1,1,0,0,1,1,64,64,1,1,0,0,1,1,8192,8192,1,1,rameau_en_sib,60
#208,1,(303),0,sib4,46078,46620,20,64,0,-1,0,0,0.5420,0.5420,1,0,0,0,0.0000,0.0000,0,1,0.0000,-1,OFF,0,0,127,127,0,0,127,127,90,90,1,1,0,0,1,1,64,64,1,1,0,0,1,1,8192,8192,1,1,rameau_en_sib,60
#209,1,(316),0,lab3,46586,46857,20,64,0,-1,0,0,0.2710,0.2710,1,0,0,0,0.0000,0.0000,0,1,0.0000,-1,OFF,0,0,127,127,0,0,127,127,90,90,1,1,0,0,1,1,64,64,1,1,0,0,1,1,8192,8192,1,1,rameau_en_sib,60
#210,1,(305),0,mib5,46605,48754,20,64,0,-1,0,0,2.1490,2.1490,1,0,0,0,0.0000,0.0000,0,1,0.0000,-1,OFF,0,0,127,127,0,0,127,127,90,90,1,1,0,0,1,1,64,64,1,1,0,0,1,1,8192,8192,1,1,rameau_en_sib,60
#211,1,(318),0,la3,46883,47064,20,64,0,-1,0,0,0.1810,0.1810,1,0,0,0,0.0000,0.0000,0,1,0.0000,-1,OFF,0,0,127,127,0,0,127,127,90,90,1,1,0,0,1,1,64,64,1,1,0,0,1,1,8192,8192,1,1,rameau_en_sib,60
#212,1,(319),0,lab3,47050,47221,20,64,0,-1,0,0,0.1710,0.1710,1,0,0,0,0.0000,0.0000,0,1,0.0000,-1,OFF,0,0,127,127,0,0,127,127,90,90,1,1,0,0,1,1,64,64,1,1,0,0,1,1,8192,8192,1,1,rameau_en_sib,60
#213,1,(312),0,sol4,47126,47669,20,64,0,-1,0,0,0.5430,0.5430,1,0,0,0,0.0000,0.0000,0,1,0.0000,-1,OFF,0,0,127,127,0,0,127,127,90,90,1,1,0,0,1,1,64,64,1,1,0,0,1,1,8192,8192,1,1,rameau_en_sib,60
#214,1,(320),0,sol3,47235,47415,20,64,0,-1,0,0,0.1800,0.1800,1,0,0,0,0.0000,0.0000,0,1,0.0000,-1,OFF,0,0,127,127,0,0,127,127,90,90,1,1,0,0,1,1,64,64,1,1,0,0,1,1,8192,8192,1,1,rameau_en_sib,60
#215,1,(321),0,lab3,47398,47670,20,64,0,-1,0,0,0.2720,0.2720,1,0,0,0,0.0000,0.0000,0,1,0.0000,-1,OFF,0,0,127,127,0,0,127,127,90,90,1,1,0,0,1,1,64,64,1,1,0,0,1,1,8192,8192,1,1,rameau_en_sib,60
#216,1,(322),0,sib3,47664,49813,20,64,0,-1,0,0,2.1490,2.1490,1,0,0,0,0.0000,0.0000,0,1,0.0000,-1,OFF,0,0,127,127,0,0,127,127,90,90,1,1,0,0,1,1,64,64,1,1,0,0,1,1,8192,8192,1,1,rameau_en_sib,60
#217,1,(324),0,sib3,47681,48755,20,64,0,-1,0,0,1.0740,1.0740,1,0,0,0,0.0000,0.0000,0,1,0.0000,-1,OFF,0,0,127,127,0,0,127,127,90,90,1,1,0,0,1,1,64,64,1,1,0,0,1,1,8192,8192,1,1,rameau_en_sib,60
#218,1,(313),0,fa4,48211,49818,20,64,0,-1,0,0,1.6070,1.6070,1,0,0,0,0.0000,0.0000,0,1,0.0000,-1,OFF,0,0,127,127,0,0,127,127,90,90,1,1,0,0,1,1,64,64,1,1,0,0,1,1,8192,8192,1,1,rameau_en_sib,60
#219,1,(325),0,sib2,48745,49830,20,64,0,-1,0,0,1.0850,1.0850,1,0,0,0,0.0000,0.0000,0,1,0.0000,-1,OFF,0,0,127,127,0,0,127,127,90,90,1,1,0,0,1,1,64,64,1,1,0,0,1,1,8192,8192,1,1,rameau_en_sib,60
#220,1,(307),0,mib5,48764,49578,20,64,0,-1,0,0,0.8140,0.8140,1,0,0,0,0.0000,0.0000,0,1,0.0000,-1,OFF,0,0,127,127,0,0,127,127,90,90,1,1,0,0,1,1,64,64,1,1,0,0,1,1,8192,8192,1,1,rameau_en_sib,60
#221,1,(309),0,re5,49550,49811,20,64,0,-1,0,0,0.2610,0.2610,1,0,0,0,0.0000,0.0000,0,1,0.0000,-1,OFF,0,0,127,127,0,0,127,127,90,90,1,1,0,0,1,1,64,64,1,1,0,0,1,1,8192,8192,1,1,rameau_en_sib,60
#222,1,(340),0,mib3,49806,50921,20,64,0,-1,0,0,1.1150,1.1150,1,0,0,0,0.0000,0.0000,0,1,0.0000,-1,OFF,0,0,127,127,0,0,127,127,90,90,1,1,0,0,1,1,64,64,1,1,0,0,1,1,8192,8192,1,1,rameau_en_sib,60
#223,1,(328),0,re5,49826,49995,20,64,0,-1,0,0,0.1692,0.1692,1,0,0,0,0.0000,0.0000,0,1,0.0000,-1,OFF,0,0,127,127,0,0,127,127,90,90,1,1,0,0,1,1,64,64,1,1,0,0,1,1,8192,8192,1,1,rameau_en_sib,60
#224,1,(334),0,sol4,49843,50958,20,64,0,-1,0,0,1.1150,1.1150,1,0,0,0,0.0000,0.0000,0,1,0.0000,-1,OFF,0,0,127,127,0,0,127,127,90,90,1,1,0,0,1,1,64,64,1,1,0,0,1,1,8192,8192,1,1,rameau_en_sib,60
#225,1,(330),0,mib5,49965,50939,20,64,0,-1,0,0,0.9740,0.9740,1,0,0,0,0.0000,0.0000,0,1,0.0000,-1,OFF,0,0,127,127,0,0,127,127,90,90,1,1,0,0,1,1,64,64,1,1,0,0,1,1,8192,8192,1,1,rameau_en_sib,60
#226,1,(341),0,sol2,50926,52051,20,64,0,-1,0,0,1.1250,1.1250,1,0,0,0,0.0000,0.0000,0,1,0.0000,-1,OFF,0,0,127,127,0,0,127,127,90,90,1,1,0,0,1,1,64,64,1,1,0,0,1,1,8192,8192,1,1,rameau_en_sib,60
#227,1,(332),0,sib4,50933,53172,20,64,0,-1,0,0,2.2390,2.2390,1,0,0,0,0.0000,0.0000,0,1,0.0000,-1,OFF,0,0,127,127,0,0,127,127,90,90,1,1,0,0,1,1,64,64,1,1,0,0,1,1,8192,8192,1,1,rameau_en_sib,60
#228,1,(337),0,reb4,51487,52050,20,64,0,-1,0,0,0.5630,0.5630,1,0,0,0,0.0000,0.0000,0,1,0.0000,-1,OFF,0,0,127,127,0,0,127,127,90,90,1,1,0,0,1,1,64,64,1,1,0,0,1,1,8192,8192,1,1,rameau_en_sib,60
#229,1,(342),0,lab2,52049,53163,20,64,0,-1,0,0,1.1140,1.1140,1,0,0,0,0.0000,0.0000,0,1,0.0000,-1,OFF,0,0,127,127,0,0,127,127,90,90,1,1,0,0,1,1,64,64,1,1,0,0,1,1,8192,8192,1,1,rameau_en_sib,60
#230,1,(338),0,do4,52635,53750,20,64,0,-1,0,0,1.1150,1.1150,1,0,0,0,0.0000,0.0000,0,1,0.0000,-1,OFF,0,0,127,127,0,0,127,127,90,90,1,1,0,0,1,1,64,64,1,1,0,0,1,1,8192,8192,1,1,rameau_en_sib,60
#231,1,(333),0,lab4,53170,54285,20,64,0,-1,0,0,1.1150,1.1150,1,0,0,0,0.0000,0.0000,0,1,0.0000,-1,OFF,0,0,127,127,0,0,127,127,90,90,1,1,0,0,1,1,64,64,1,1,0,0,1,1,8192,8192,1,1,rameau_en_sib,60
#232,1,(343),0,fa2,53173,54288,20,64,0,-1,0,0,1.1150,1.1150,1,0,0,0,0.0000,0.0000,0,1,0.0000,-1,OFF,0,0,127,127,0,0,127,127,90,90,1,1,0,0,1,1,64,64,1,1,0,0,1,1,8192,8192,1,1,rameau_en_sib,60
#233,1,(339),0,do4,53730,54292,20,64,0,-1,0,0,0.5620,0.5620,1,0,0,0,0.0000,0.0000,0,1,0.0000,-1,OFF,0,0,127,127,0,0,127,127,90,90,1,1,0,0,1,1,64,64,1,1,0,0,1,1,8192,8192,1,1,rameau_en_sib,60
#234,1,(365),0,re3,54301,55416,20,64,0,-1,0,0,1.1150,1.1150,1,0,0,0,0.0000,0.0000,0,1,0.0000,-1,OFF,0,0,127,127,0,0,127,127,90,90,1,1,0,0,1,1,64,64,1,1,0,0,1,1,8192,8192,1,1,rameau_en_sib,60
#235,1,(361),0,sib3,54830,55392,20,64,0,-1,0,0,0.5620,0.5620,1,0,0,0,0.0000,0.0000,0,1,0.0000,-1,OFF,0,0,127,127,0,0,127,127,90,90,1,1,0,0,1,1,64,64,1,1,0,0,1,1,8192,8192,1,1,rameau_en_sib,60
#236,1,(366),0,mib3,55404,56519,20,64,0,-1,0,0,1.1150,1.1150,1,0,0,0,0.0000,0.0000,0,1,0.0000,-1,OFF,0,0,127,127,0,0,127,127,90,90,1,1,0,0,1,1,64,64,1,1,0,0,1,1,8192,8192,1,1,rameau_en_sib,60
#237,1,(345),0,sol4,55408,56523,20,64,0,-1,0,0,1.1150,1.1150,1,0,0,0,0.0000,0.0000,0,1,0.0000,-1,OFF,0,0,127,127,0,0,127,127,90,90,1,1,0,0,1,1,64,64,1,1,0,0,1,1,8192,8192,1,1,rameau_en_sib,60
#238,1,(362),0,mib4,55964,56639,20,64,0,-1,0,0,0.6756,0.6756,1,0,0,0,0.0000,0.0000,0,1,0.0000,-1,OFF,0,0,127,127,0,0,127,127,90,90,1,1,0,0,1,1,64,64,1,1,0,0,1,1,8192,8192,1,1,rameau_en_sib,60
#239,1,(363),0,mib4,56533,57648,20,64,0,-1,0,0,1.1150,1.1150,1,0,0,0,0.0000,0.0000,0,1,0.0000,-1,OFF,0,0,127,127,0,0,127,127,90,90,1,1,0,0,1,1,64,64,1,1,0,0,1,1,8192,8192,1,1,rameau_en_sib,60
#240,1,(367),0,lab2,56534,57649,20,64,0,-1,0,0,1.1150,1.1150,1,0,0,0,0.0000,0.0000,0,1,0.0000,-1,OFF,0,0,127,127,0,0,127,127,90,90,1,1,0,0,1,1,64,64,1,1,0,0,1,1,8192,8192,1,1,rameau_en_sib,60
#241,1,(347),0,sol4,56541,56709,20,64,0,-1,0,0,0.1680,0.1680,1,0,0,0,0.0000,0.0000,0,1,0.0000,-1,OFF,0,0,127,127,0,0,127,127,90,90,1,1,0,0,1,1,64,64,1,1,0,0,1,1,8192,8192,1,1,rameau_en_sib,60
#242,1,(349),0,fa4,56668,57643,20,64,0,-1,0,0,0.9750,0.9750,1,0,0,0,0.0000,0.0000,0,1,0.0000,-1,OFF,0,0,127,127,0,0,127,127,90,90,1,1,0,0,1,1,64,64,1,1,0,0,1,1,8192,8192,1,1,rameau_en_sib,60
#243,1,(351),0,fa4,57621,57789,20,64,0,-1,0,0,0.1680,0.1680,1,0,0,0,0.0000,0.0000,0,1,0.0000,-1,OFF,0,0,127,127,0,0,127,127,90,90,1,1,0,0,1,1,64,64,1,1,0,0,1,1,8192,8192,1,1,rameau_en_sib,60
#244,1,(364),0,re4,57624,58738,20,64,0,-1,0,0,1.1140,1.1140,1,0,0,0,0.0000,0.0000,0,1,0.0000,-1,OFF,0,0,127,127,0,0,127,127,90,90,1,1,0,0,1,1,64,64,1,1,0,0,1,1,8192,8192,1,1,rameau_en_sib,60
#245,1,(368),0,sib2,57649,58774,20,64,0,-1,0,0,1.1250,1.1250,1,0,0,0,0.0000,0.0000,0,1,0.0000,-1,OFF,0,0,127,127,0,0,127,127,90,90,1,1,0,0,1,1,64,64,1,1,0,0,1,1,8192,8192,1,1,rameau_en_sib,60
#246,1,(354),0,sol4,57778,57818,20,64,0,-1,0,0,0.0400,0.0400,1,0,0,0,0.0000,0.0000,0,1,0.0000,-1,OFF,0,0,127,127,0,0,127,127,90,90,1,1,0,0,1,1,64,64,1,1,0,0,1,1,8192,8192,1,1,rameau_en_sib,60
#247,1,(355),0,fa4,57825,57876,20,64,0,-1,0,0,0.0510,0.0510,1,0,0,0,0.0000,0.0000,0,1,0.0000,-1,OFF,0,0,127,127,0,0,127,127,90,90,1,1,0,0,1,1,64,64,1,1,0,0,1,1,8192,8192,1,1,rameau_en_sib,60
#248,1,(357),0,sol4,57882,58494,20,64,0,-1,0,0,0.6120,0.6120,1,0,0,0,0.0000,0.0000,0,1,0.0000,-1,OFF,0,0,127,127,0,0,127,127,90,90,1,1,0,0,1,1,64,64,1,1,0,0,1,1,8192,8192,1,1,rameau_en_sib,60
#249,1,(359),0,lab4,58455,58736,20,64,0,-1,0,0,0.2810,0.2810,1,0,0,0,0.0000,0.0000,0,1,0.0000,-1,OFF,0,0,127,127,0,0,127,127,90,90,1,1,0,0,1,1,64,64,1,1,0,0,1,1,8192,8192,1,1,rameau_en_sib,60
#250,1,(373),0,sol4,58743,58814,20,64,0,-1,0,0,0.0710,0.0710,1,0,0,0,0.0000,0.0000,0,1,0.0000,-1,OFF,0,0,127,127,0,0,127,127,90,90,1,1,0,0,1,1,64,64,1,1,0,0,1,1,8192,8192,1,1,rameau_en_sib,60
#251,1,(378),0,mib2,58762,60068,20,64,0,-1,0,0,1.3060,1.3060,1,0,0,0,0.0000,0.0000,0,1,0.0000,-1,OFF,0,0,127,127,0,0,127,127,90,90,1,1,0,0,1,1,64,64,1,1,0,0,1,1,8192,8192,1,1,rameau_en_sib,60
#252,1,(370),0,mib4,58765,59880,20,64,0,-1,0,0,1.1150,1.1150,1,0,0,0,0.0000,0.0000,0,1,0.0000,-1,OFF,0,0,127,127,0,0,127,127,90,90,1,1,0,0,1,1,64,64,1,1,0,0,1,1,8192,8192,1,1,rameau_en_sib,60
#253,1,(374),0,fa4,58836,58906,20,64,0,-1,0,0,0.0700,0.0700,1,0,0,0,0.0000,0.0000,0,1,0.0000,-1,OFF,0,0,127,127,0,0,127,127,90,90,1,1,0,0,1,1,64,64,1,1,0,0,1,1,8192,8192,1,1,rameau_en_sib,60
#254,1,(376),0,sol4,58880,59864,20,64,0,-1,0,0,0.9840,0.9840,1,0,0,0,0.0000,0.0000,0,1,0.0000,-1,OFF,0,0,127,127,0,0,127,127,90,90,1,1,0,0,1,1,64,64,1,1,0,0,1,1,8192,8192,1,1,rameau_en_sib,60
#255,1,(396),0,mib4,60052,61207,20,64,0,-1,0,0,1.1550,1.1550,1,0,0,0,0.0000,0.0000,0,1,0.0000,-1,OFF,0,0,127,127,0,0,127,127,90,90,1,1,0,0,1,1,64,64,1,1,0,0,1,1,8192,8192,1,1,rameau_en_sib,60
#256,1,(380),0,do5,60059,61445,20,64,0,-1,0,0,1.3860,1.3860,1,0,0,0,0.0000,0.0000,0,1,0.0000,-1,OFF,0,0,127,127,0,0,127,127,90,90,1,1,0,0,1,1,64,64,1,1,0,0,1,1,8192,8192,1,1,rameau_en_sib,60
#257,1,(389),0,mib4,60068,60651,20,64,0,-1,0,0,0.5830,0.5830,1,0,0,0,0.0000,0.0000,0,1,0.0000,-1,OFF,0,0,127,127,0,0,127,127,90,90,1,1,0,0,1,1,64,64,1,1,0,0,1,1,8192,8192,1,1,rameau_en_sib,60
#258,1,(391),0,sol4,60640,61212,20,64,0,-1,0,0,0.5720,0.5720,1,0,0,0,0.0000,0.0000,0,1,0.0000,-1,OFF,0,0,127,127,0,0,127,127,90,90,1,1,0,0,1,1,64,64,1,1,0,0,1,1,8192,8192,1,1,rameau_en_sib,60
#259,1,(392),0,re4,61194,61777,20,64,0,-1,0,0,0.5830,0.5830,1,0,0,0,0.0000,0.0000,0,1,0.0000,-1,OFF,0,0,127,127,0,0,127,127,90,90,1,1,0,0,1,1,64,64,1,1,0,0,1,1,8192,8192,1,1,rameau_en_sib,60
#260,1,(382),0,do5,61212,61313,20,64,0,-1,0,0,0.1010,0.1010,1,0,0,0,0.0000,0.0000,0,1,0.0000,-1,OFF,0,0,127,127,0,0,127,127,90,90,1,1,0,0,1,1,64,64,1,1,0,0,1,1,8192,8192,1,1,rameau_en_sib,60
#261,1,(397),0,re4,61220,62385,20,64,0,-1,0,0,1.1650,1.1650,1,0,0,0,0.0000,0.0000,0,1,0.0000,-1,OFF,0,0,127,127,0,0,127,127,90,90,1,1,0,0,1,1,64,64,1,1,0,0,1,1,8192,8192,1,1,rameau_en_sib,60
#262,1,(383),0,si4,61328,61418,20,64,0,-1,0,0,0.0900,0.0900,1,0,0,0,0.0000,0.0000,0,1,0.0000,-1,OFF,0,0,127,127,0,0,127,127,90,90,1,1,0,0,1,1,64,64,1,1,0,0,1,1,8192,8192,1,1,rameau_en_sib,60
#263,1,(384),0,do5,61423,61523,20,64,0,-1,0,0,0.1000,0.1000,1,0,0,0,0.0000,0.0000,0,1,0.0000,-1,OFF,0,0,127,127,0,0,127,127,90,90,1,1,0,0,1,1,64,64,1,1,0,0,1,1,8192,8192,1,1,rameau_en_sib,60
#264,1,(386),0,si4,61520,62394,20,64,0,-1,0,0,0.8740,0.8740,1,0,0,0,0.0000,0.0000,0,1,0.0000,-1,OFF,0,0,127,127,0,0,127,127,90,90,1,1,0,0,1,1,64,64,1,1,0,0,1,1,8192,8192,1,1,rameau_en_sib,60
#265,1,(393),0,fa4,61799,62381,20,64,0,-1,0,0,0.5820,0.5820,1,0,0,0,0.0000,0.0000,0,1,0.0000,-1,OFF,0,0,127,127,0,0,127,127,90,90,1,1,0,0,1,1,64,64,1,1,0,0,1,1,8192,8192,1,1,rameau_en_sib,60
#266,1,(398),0,do4,62373,63528,20,64,0,-1,0,0,1.1550,1.1550,1,0,0,0,0.0000,0.0000,0,1,0.0000,-1,OFF,0,0,127,127,0,0,127,127,90,90,1,1,0,0,1,1,64,64,1,1,0,0,1,1,8192,8192,1,1,rameau_en_sib,60
#267,1,(387),0,mib5,62382,63768,20,64,0,-1,0,0,1.3860,1.3860,1,0,0,0,0.0000,0.0000,0,1,0.0000,-1,OFF,0,0,127,127,0,0,127,127,90,90,1,1,0,0,1,1,64,64,1,1,0,0,1,1,8192,8192,1,1,rameau_en_sib,60
#268,1,(394),0,do4,62382,62955,20,64,0,-1,0,0,0.5730,0.5730,1,0,0,0,0.0000,0.0000,0,1,0.0000,-1,OFF,0,0,127,127,0,0,127,127,90,90,1,1,0,0,1,1,64,64,1,1,0,0,1,1,8192,8192,1,1,rameau_en_sib,60
#269,1,(395),0,mib4,62951,63533,20,64,0,-1,0,0,0.5820,0.5820,1,0,0,0,0.0000,0.0000,0,1,0.0000,-1,OFF,0,0,127,127,0,0,127,127,90,90,1,1,0,0,1,1,64,64,1,1,0,0,1,1,8192,8192,1,1,rameau_en_sib,60
#270,1,(401),0,mib5,63520,63621,20,64,0,-1,0,0,0.1010,0.1010,1,0,0,0,0.0000,0.0000,0,1,0.0000,-1,OFF,0,0,127,127,0,0,127,127,90,90,1,1,0,0,1,1,64,64,1,1,0,0,1,1,8192,8192,1,1,rameau_en_sib,60
#271,1,(427),0,si3,63531,64686,20,64,0,-1,0,0,1.1550,1.1550,1,0,0,0,0.0000,0.0000,0,1,0.0000,-1,OFF,0,0,127,127,0,0,127,127,90,90,1,1,0,0,1,1,64,64,1,1,0,0,1,1,8192,8192,1,1,rameau_en_sib,60
#272,1,(419),0,si3,63551,64134,20,64,0,-1,0,0,0.5830,0.5830,1,0,0,0,0.0000,0.0000,0,1,0.0000,-1,OFF,0,0,127,127,0,0,127,127,90,90,1,1,0,0,1,1,64,64,1,1,0,0,1,1,8192,8192,1,1,rameau_en_sib,60
#273,1,(402),0,re5,63647,63737,20,64,0,-1,0,0,0.0900,0.0900,1,0,0,0,0.0000,0.0000,0,1,0.0000,-1,OFF,0,0,127,127,0,0,127,127,90,90,1,1,0,0,1,1,64,64,1,1,0,0,1,1,8192,8192,1,1,rameau_en_sib,60
#274,1,(403),0,mib5,63743,63843,20,64,0,-1,0,0,0.1000,0.1000,1,0,0,0,0.0000,0.0000,0,1,0.0000,-1,OFF,0,0,127,127,0,0,127,127,90,90,1,1,0,0,1,1,64,64,1,1,0,0,1,1,8192,8192,1,1,rameau_en_sib,60
#275,1,(405),0,re5,63835,64709,20,64,0,-1,0,0,0.8740,0.8740,1,0,0,0,0.0000,0.0000,0,1,0.0000,-1,OFF,0,0,127,127,0,0,127,127,90,90,1,1,0,0,1,1,64,64,1,1,0,0,1,1,8192,8192,1,1,rameau_en_sib,60
#276,1,(420),0,fa4,64120,64692,20,64,0,-1,0,0,0.5720,0.5720,1,0,0,0,0.0000,0.0000,0,1,0.0000,-1,OFF,0,0,127,127,0,0,127,127,90,90,1,1,0,0,1,1,64,64,1,1,0,0,1,1,8192,8192,1,1,rameau_en_sib,60
#277,1,(421),0,mib4,64699,65282,20,64,0,-1,0,0,0.5830,0.5830,1,0,0,0,0.0000,0.0000,0,1,0.0000,-1,OFF,0,0,127,127,0,0,127,127,90,90,1,1,0,0,1,1,64,64,1,1,0,0,1,1,8192,8192,1,1,rameau_en_sib,60
#278,1,(406),0,do5,64703,66101,20,64,0,-1,0,0,1.3980,1.3980,1,0,0,0,0.0000,0.0000,0,1,0.0000,-1,OFF,0,0,127,127,0,0,127,127,90,90,1,1,0,0,1,1,64,64,1,1,0,0,1,1,8192,8192,1,1,rameau_en_sib,60
#279,1,(428),0,mib4,64705,65870,20,64,0,-1,0,0,1.1650,1.1650,1,0,0,0,0.0000,0.0000,0,1,0.0000,-1,OFF,0,0,127,127,0,0,127,127,90,90,1,1,0,0,1,1,64,64,1,1,0,0,1,1,8192,8192,1,1,rameau_en_sib,60
#280,1,(422),0,sol4,65256,65838,20,64,0,-1,0,0,0.5820,0.5820,1,0,0,0,0.0000,0.0000,0,1,0.0000,-1,OFF,0,0,127,127,0,0,127,127,90,90,1,1,0,0,1,1,64,64,1,1,0,0,1,1,8192,8192,1,1,rameau_en_sib,60
#281,1,(408),0,do5,65834,65925,20,64,0,-1,0,0,0.0910,0.0910,1,0,0,0,0.0000,0.0000,0,1,0.0000,-1,OFF,0,0,127,127,0,0,127,127,90,90,1,1,0,0,1,1,64,64,1,1,0,0,1,1,8192,8192,1,1,rameau_en_sib,60
#282,1,(429),0,re4,65836,66991,20,64,0,-1,0,0,1.1550,1.1550,1,0,0,0,0.0000,0.0000,0,1,0.0000,-1,OFF,0,0,127,127,0,0,127,127,90,90,1,1,0,0,1,1,64,64,1,1,0,0,1,1,8192,8192,1,1,rameau_en_sib,60
#283,1,(423),0,re4,65863,66436,20,64,0,-1,0,0,0.5730,0.5730,1,0,0,0,0.0000,0.0000,0,1,0.0000,-1,OFF,0,0,127,127,0,0,127,127,90,90,1,1,0,0,1,1,64,64,1,1,0,0,1,1,8192,8192,1,1,rameau_en_sib,60
#284,1,(409),0,si4,65956,66056,20,64,0,-1,0,0,0.1000,0.1000,1,0,0,0,0.0000,0.0000,0,1,0.0000,-1,OFF,0,0,127,127,0,0,127,127,90,90,1,1,0,0,1,1,64,64,1,1,0,0,1,1,8192,8192,1,1,rameau_en_sib,60
#285,1,(410),0,do5,66035,66135,20,64,0,-1,0,0,0.1000,0.1000,1,0,0,0,0.0000,0.0000,0,1,0.0000,-1,OFF,0,0,127,127,0,0,127,127,90,90,1,1,0,0,1,1,64,64,1,1,0,0,1,1,8192,8192,1,1,rameau_en_sib,60
#286,1,(412),0,si4,66142,67006,20,64,0,-1,0,0,0.8640,0.8640,1,0,0,0,0.0000,0.0000,0,1,0.0000,-1,OFF,0,0,127,127,0,0,127,127,90,90,1,1,0,0,1,1,64,64,1,1,0,0,1,1,8192,8192,1,1,rameau_en_sib,60
#287,1,(424),0,fa4,66432,67014,20,64,0,-1,0,0,0.5820,0.5820,1,0,0,0,0.0000,0.0000,0,1,0.0000,-1,OFF,0,0,127,127,0,0,127,127,90,90,1,1,0,0,1,1,64,64,1,1,0,0,1,1,8192,8192,1,1,rameau_en_sib,60
#288,1,(430),0,do4,67007,68172,20,64,0,-1,0,0,1.1650,1.1650,1,0,0,0,0.0000,0.0000,0,1,0.0000,-1,OFF,0,0,127,127,0,0,127,127,90,90,1,1,0,0,1,1,64,64,1,1,0,0,1,1,8192,8192,1,1,rameau_en_sib,60
#289,1,(425),0,do4,67014,67597,20,64,0,-1,0,0,0.5830,0.5830,1,0,0,0,0.0000,0.0000,0,1,0.0000,-1,OFF,0,0,127,127,0,0,127,127,90,90,1,1,0,0,1,1,64,64,1,1,0,0,1,1,8192,8192,1,1,rameau_en_sib,60
#290,1,(414),0,do5,67016,67086,20,64,0,-1,0,0,0.0700,0.0700,1,0,0,0,0.0000,0.0000,0,1,0.0000,-1,OFF,0,0,127,127,0,0,127,127,90,90,1,1,0,0,1,1,64,64,1,1,0,0,1,1,8192,8192,1,1,rameau_en_sib,60
#291,1,(415),0,si4,67068,67149,20,64,0,-1,0,0,0.0810,0.0810,1,0,0,0,0.0000,0.0000,0,1,0.0000,-1,OFF,0,0,127,127,0,0,127,127,90,90,1,1,0,0,1,1,64,64,1,1,0,0,1,1,8192,8192,1,1,rameau_en_sib,60
#292,1,(417),0,do5,67146,68160,20,64,0,-1,0,0,1.0140,1.0140,1,0,0,0,0.0000,0.0000,0,1,0.0000,-1,OFF,0,0,127,127,0,0,127,127,90,90,1,1,0,0,1,1,64,64,1,1,0,0,1,1,8192,8192,1,1,rameau_en_sib,60
#293,1,(426),0,mib4,67574,68156,20,64,0,-1,0,0,0.5820,0.5820,1,0,0,0,0.0000,0.0000,0,1,0.0000,-1,OFF,0,0,127,127,0,0,127,127,90,90,1,1,0,0,1,1,64,64,1,1,0,0,1,1,8192,8192,1,1,rameau_en_sib,60
#294,1,(458),0,do4,68164,68255,20,64,0,-1,0,0,0.0910,0.0910,1,0,0,0,0.0000,0.0000,0,1,0.0000,-1,OFF,0,0,127,127,0,0,127,127,90,90,1,1,0,0,1,1,64,64,1,1,0,0,1,1,8192,8192,1,1,rameau_en_sib,60
#295,1,(451),0,re4,68170,69325,20,64,0,-1,0,0,1.1550,1.1550,1,0,0,0,0.0000,0.0000,0,1,0.0000,-1,OFF,0,0,127,127,0,0,127,127,90,90,1,1,0,0,1,1,64,64,1,1,0,0,1,1,8192,8192,1,1,rameau_en_sib,60
#296,1,(433),0,re4,68189,68876,20,64,0,-1,0,0,0.6876,0.6876,1,0,0,0,0.0000,0.0000,0,1,0.0000,-1,OFF,0,0,127,127,0,0,127,127,90,90,1,1,0,0,1,1,64,64,1,1,0,0,1,1,8192,8192,1,1,rameau_en_sib,60
#297,1,(459),0,si3,68251,68351,20,64,0,-1,0,0,0.1000,0.1000,1,0,0,0,0.0000,0.0000,0,1,0.0000,-1,OFF,0,0,127,127,0,0,127,127,90,90,1,1,0,0,1,1,64,64,1,1,0,0,1,1,8192,8192,1,1,rameau_en_sib,60
#298,1,(460),0,do4,68354,68444,20,64,0,-1,0,0,0.0900,0.0900,1,0,0,0,0.0000,0.0000,0,1,0.0000,-1,OFF,0,0,127,127,0,0,127,127,90,90,1,1,0,0,1,1,64,64,1,1,0,0,1,1,8192,8192,1,1,rameau_en_sib,60
#299,1,(462),0,si3,68440,69314,20,64,0,-1,0,0,0.8740,0.8740,1,0,0,0,0.0000,0.0000,0,1,0.0000,-1,OFF,0,0,127,127,0,0,127,127,90,90,1,1,0,0,1,1,64,64,1,1,0,0,1,1,8192,8192,1,1,rameau_en_sib,60
#300,1,(434),0,fa4,68746,69328,20,64,0,-1,0,0,0.5820,0.5820,1,0,0,0,0.0000,0.0000,0,1,0.0000,-1,OFF,0,0,127,127,0,0,127,127,90,90,1,1,0,0,1,1,64,64,1,1,0,0,1,1,8192,8192,1,1,rameau_en_sib,60
#301,1,(437),0,mib4,69501,69549,20,64,0,-1,0,0,0.0480,0.0480,1,0,0,0,0.0000,0.0000,0,1,0.0000,-1,OFF,0,0,127,127,0,0,127,127,90,90,1,1,0,0,1,1,64,64,1,1,0,0,1,1,8192,8192,1,1,rameau_en_sib,60
#302,1,(464),0,do4,69510,70908,20,64,0,-1,0,0,1.3980,1.3980,1,0,0,0,0.0000,0.0000,0,1,0.0000,-1,OFF,0,0,127,127,0,0,127,127,90,90,1,1,0,0,1,1,64,64,1,1,0,0,1,1,8192,8192,1,1,rameau_en_sib,60
#303,1,(453),0,mib4,69518,70683,20,64,0,-1,0,0,1.1650,1.1650,1,0,0,0,0.0000,0.0000,0,1,0.0000,-1,OFF,0,0,127,127,0,0,127,127,90,90,1,1,0,0,1,1,64,64,1,1,0,0,1,1,8192,8192,1,1,rameau_en_sib,60
#304,1,(438),0,re4,69545,69581,20,64,0,-1,0,0,0.0360,0.0360,1,0,0,0,0.0000,0.0000,0,1,0.0000,-1,OFF,0,0,127,127,0,0,127,127,90,90,1,1,0,0,1,1,64,64,1,1,0,0,1,1,8192,8192,1,1,rameau_en_sib,60
#305,1,(440),0,mib4,69581,70196,20,64,0,-1,0,0,0.6156,0.6156,1,0,0,0,0.0000,0.0000,0,1,0.0000,-1,OFF,0,0,127,127,0,0,127,127,90,90,1,1,0,0,1,1,64,64,1,1,0,0,1,1,8192,8192,1,1,rameau_en_sib,60
#306,1,(441),0,sol4,70087,70669,20,64,0,-1,0,0,0.5820,0.5820,1,0,0,0,0.0000,0.0000,0,1,0.0000,-1,OFF,0,0,127,127,0,0,127,127,90,90,1,1,0,0,1,1,64,64,1,1,0,0,1,1,8192,8192,1,1,rameau_en_sib,60
#307,1,(466),0,do4,70668,70758,20,64,0,-1,0,0,0.0900,0.0900,1,0,0,0,0.0000,0.0000,0,1,0.0000,-1,OFF,0,0,127,127,0,0,127,127,90,90,1,1,0,0,1,1,64,64,1,1,0,0,1,1,8192,8192,1,1,rameau_en_sib,60
#308,1,(442),0,re4,70686,71373,20,64,0,-1,0,0,0.6876,0.6876,1,0,0,0,0.0000,0.0000,0,1,0.0000,-1,OFF,0,0,127,127,0,0,127,127,90,90,1,1,0,0,1,1,64,64,1,1,0,0,1,1,8192,8192,1,1,rameau_en_sib,60
#309,1,(454),0,re4,70695,72081,20,64,0,-1,0,0,1.3860,1.3860,1,0,0,0,0.0000,0.0000,0,1,0.0000,-1,OFF,0,0,127,127,0,0,127,127,90,90,1,1,0,0,1,1,64,64,1,1,0,0,1,1,8192,8192,1,1,rameau_en_sib,60
#310,1,(467),0,si3,70758,70859,20,64,0,-1,0,0,0.1010,0.1010,1,0,0,0,0.0000,0.0000,0,1,0.0000,-1,OFF,0,0,127,127,0,0,127,127,90,90,1,1,0,0,1,1,64,64,1,1,0,0,1,1,8192,8192,1,1,rameau_en_sib,60
#311,1,(468),0,do4,70875,70965,20,64,0,-1,0,0,0.0900,0.0900,1,0,0,0,0.0000,0.0000,0,1,0.0000,-1,OFF,0,0,127,127,0,0,127,127,90,90,1,1,0,0,1,1,64,64,1,1,0,0,1,1,8192,8192,1,1,rameau_en_sib,60
#312,1,(470),0,si3,70983,71857,20,64,0,-1,0,0,0.8740,0.8740,1,0,0,0,0.0000,0.0000,0,1,0.0000,-1,OFF,0,0,127,127,0,0,127,127,90,90,1,1,0,0,1,1,64,64,1,1,0,0,1,1,8192,8192,1,1,rameau_en_sib,60
#313,1,(443),0,fa4,71238,71820,20,64,0,-1,0,0,0.5820,0.5820,1,0,0,0,0.0000,0.0000,0,1,0.0000,-1,OFF,0,0,127,127,0,0,127,127,90,90,1,1,0,0,1,1,64,64,1,1,0,0,1,1,8192,8192,1,1,rameau_en_sib,60
#314,1,(471),0,do4,71828,72993,20,64,0,-1,0,0,1.1650,1.1650,1,0,0,0,0.0000,0.0000,0,1,0.0000,-1,OFF,0,0,127,127,0,0,127,127,90,90,1,1,0,0,1,1,64,64,1,1,0,0,1,1,8192,8192,1,1,rameau_en_sib,60
#315,1,(445),0,mib4,71852,71900,20,64,0,-1,0,0,0.0480,0.0480,1,0,0,0,0.0000,0.0000,0,1,0.0000,-1,OFF,0,0,127,127,0,0,127,127,90,90,1,1,0,0,1,1,64,64,1,1,0,0,1,1,8192,8192,1,1,rameau_en_sib,60
#316,1,(455),0,mib4,71855,73010,20,64,0,-1,0,0,1.1550,1.1550,1,0,0,0,0.0000,0.0000,0,1,0.0000,-1,OFF,0,0,127,127,0,0,127,127,90,90,1,1,0,0,1,1,64,64,1,1,0,0,1,1,8192,8192,1,1,rameau_en_sib,60
#317,1,(446),0,re4,71862,71898,20,64,0,-1,0,0,0.0360,0.0360,1,0,0,0,0.0000,0.0000,0,1,0.0000,-1,OFF,0,0,127,127,0,0,127,127,90,90,1,1,0,0,1,1,64,64,1,1,0,0,1,1,8192,8192,1,1,rameau_en_sib,60
#318,1,(448),0,mib4,71915,72530,20,64,0,-1,0,0,0.6156,0.6156,1,0,0,0,0.0000,0.0000,0,1,0.0000,-1,OFF,0,0,127,127,0,0,127,127,90,90,1,1,0,0,1,1,64,64,1,1,0,0,1,1,8192,8192,1,1,rameau_en_sib,60
#319,1,(449),0,sol4,72420,72992,20,64,0,-1,0,0,0.5720,0.5720,1,0,0,0,0.0000,0.0000,0,1,0.0000,-1,OFF,0,0,127,127,0,0,127,127,90,90,1,1,0,0,1,1,64,64,1,1,0,0,1,1,8192,8192,1,1,rameau_en_sib,60
#320,1,(474),0,si3,72997,73580,20,64,0,-1,0,0,0.5830,0.5830,1,0,0,0,0.0000,0.0000,0,1,0.0000,-1,OFF,0,0,127,127,0,0,127,127,90,90,1,1,0,0,1,1,64,64,1,1,0,0,1,1,8192,8192,1,1,rameau_en_sib,60
#321,1,(482),0,si3,72997,74162,20,64,0,-1,0,0,1.1650,1.1650,1,0,0,0,0.0000,0.0000,0,1,0.0000,-1,OFF,0,0,127,127,0,0,127,127,90,90,1,1,0,0,1,1,64,64,1,1,0,0,1,1,8192,8192,1,1,rameau_en_sib,60
#322,1,(486),0,fa3,73009,74174,20,64,0,-1,0,0,1.1650,1.1650,1,0,0,0,0.0000,0.0000,0,1,0.0000,-1,OFF,0,0,127,127,0,0,127,127,90,90,1,1,0,0,1,1,64,64,1,1,0,0,1,1,8192,8192,1,1,rameau_en_sib,60
#323,1,(475),0,sol4,73576,74158,20,64,0,-1,0,0,0.5820,0.5820,1,0,0,0,0.0000,0.0000,0,1,0.0000,-1,OFF,0,0,127,127,0,0,127,127,90,90,1,1,0,0,1,1,64,64,1,1,0,0,1,1,8192,8192,1,1,rameau_en_sib,60
#324,1,(487),0,mib3,74161,75547,20,64,0,-1,0,0,1.3860,1.3860,1,0,0,0,0.0000,0.0000,0,1,0.0000,-1,OFF,0,0,127,127,0,0,127,127,90,90,1,1,0,0,1,1,64,64,1,1,0,0,1,1,8192,8192,1,1,rameau_en_sib,60
#325,1,(484),0,do4,74163,76483,20,64,0,-1,0,0,2.3200,2.3200,1,0,0,0,0.0000,0.0000,0,1,0.0000,-1,OFF,0,0,127,127,0,0,127,127,90,90,1,1,0,0,1,1,64,64,1,1,0,0,1,1,8192,8192,1,1,rameau_en_sib,60
#326,1,(476),0,do4,74167,74740,20,64,0,-1,0,0,0.5730,0.5730,1,0,0,0,0.0000,0.0000,0,1,0.0000,-1,OFF,0,0,127,127,0,0,127,127,90,90,1,1,0,0,1,1,64,64,1,1,0,0,1,1,8192,8192,1,1,rameau_en_sib,60
#327,1,(477),0,sol4,74719,75301,20,64,0,-1,0,0,0.5820,0.5820,1,0,0,0,0.0000,0.0000,0,1,0.0000,-1,OFF,0,0,127,127,0,0,127,127,90,90,1,1,0,0,1,1,64,64,1,1,0,0,1,1,8192,8192,1,1,rameau_en_sib,60
#328,1,(478),0,sol4,75309,76008,20,64,0,-1,0,0,0.6996,0.6996,1,0,0,0,0.0000,0.0000,0,1,0.0000,-1,OFF,0,0,127,127,0,0,127,127,90,90,1,1,0,0,1,1,64,64,1,1,0,0,1,1,8192,8192,1,1,rameau_en_sib,60
#329,1,(489),0,fa3,75313,75383,20,64,0,-1,0,0,0.0700,0.0700,1,0,0,0,0.0000,0.0000,0,1,0.0000,-1,OFF,0,0,127,127,0,0,127,127,90,90,1,1,0,0,1,1,64,64,1,1,0,0,1,1,8192,8192,1,1,rameau_en_sib,60
#330,1,(490),0,mib3,75386,75467,20,64,0,-1,0,0,0.0810,0.0810,1,0,0,0,0.0000,0.0000,0,1,0.0000,-1,OFF,0,0,127,127,0,0,127,127,90,90,1,1,0,0,1,1,64,64,1,1,0,0,1,1,8192,8192,1,1,rameau_en_sib,60
#331,1,(492),0,fa3,75447,76461,20,64,0,-1,0,0,1.0140,1.0140,1,0,0,0,0.0000,0.0000,0,1,0.0000,-1,OFF,0,0,127,127,0,0,127,127,90,90,1,1,0,0,1,1,64,64,1,1,0,0,1,1,8192,8192,1,1,rameau_en_sib,60
#332,1,(479),0,fa4,75891,76463,20,64,0,-1,0,0,0.5720,0.5720,1,0,0,0,0.0000,0.0000,0,1,0.0000,-1,OFF,0,0,127,127,0,0,127,127,90,90,1,1,0,0,1,1,64,64,1,1,0,0,1,1,8192,8192,1,1,rameau_en_sib,60
#333,1,(485),0,si3,76458,77623,20,64,0,-1,0,0,1.1650,1.1650,1,0,0,0,0.0000,0.0000,0,1,0.0000,-1,OFF,0,0,127,127,0,0,127,127,90,90,1,1,0,0,1,1,64,64,1,1,0,0,1,1,8192,8192,1,1,rameau_en_sib,60
#334,1,(493),0,sol3,76458,77623,20,64,0,-1,0,0,1.1650,1.1650,1,0,0,0,0.0000,0.0000,0,1,0.0000,-1,OFF,0,0,127,127,0,0,127,127,90,90,1,1,0,0,1,1,64,64,1,1,0,0,1,1,8192,8192,1,1,rameau_en_sib,60
#335,1,(480),0,mib4,76477,77176,20,64,0,-1,0,0,0.6996,0.6996,1,0,0,0,0.0000,0.0000,0,1,0.0000,-1,OFF,0,0,127,127,0,0,127,127,90,90,1,1,0,0,1,1,64,64,1,1,0,0,1,1,8192,8192,1,1,rameau_en_sib,60
#336,1,(481),0,re4,77039,77621,20,64,0,-1,0,0,0.5820,0.5820,1,0,0,0,0.0000,0.0000,0,1,0.0000,-1,OFF,0,0,127,127,0,0,127,127,90,90,1,1,0,0,1,1,64,64,1,1,0,0,1,1,8192,8192,1,1,rameau_en_sib,60
#337,1,(510),0,do4,77636,78640,20,64,0,-1,0,0,1.0040,1.0040,1,0,0,0,0.0000,0.0000,0,1,0.0000,-1,OFF,0,0,127,127,0,0,127,127,90,90,1,1,0,0,1,1,64,64,1,1,0,0,1,1,8192,8192,1,1,rameau_en_sib,60
#338,1,(496),0,re4,77639,77784,20,64,0,-1,0,0,0.1452,0.1452,1,0,0,0,0.0000,0.0000,0,1,0.0000,-1,OFF,0,0,127,127,0,0,127,127,90,90,1,1,0,0,1,1,64,64,1,1,0,0,1,1,8192,8192,1,1,rameau_en_sib,60
#339,1,(513),0,do3,77642,78646,20,64,0,-1,0,0,1.0040,1.0040,1,0,0,0,0.0000,0.0000,0,1,0.0000,-1,OFF,0,0,127,127,0,0,127,127,90,90,1,1,0,0,1,1,64,64,1,1,0,0,1,1,8192,8192,1,1,rameau_en_sib,60
#340,1,(499),0,mib4,77755,77815,20,64,0,-1,0,0,0.0600,0.0600,1,0,0,0,0.0000,0.0000,0,1,0.0000,-1,OFF,0,0,127,127,0,0,127,127,90,90,1,1,0,0,1,1,64,64,1,1,0,0,1,1,8192,8192,1,1,rameau_en_sib,60
#341,1,(500),0,re4,77811,77861,20,64,0,-1,0,0,0.0500,0.0500,1,0,0,0,0.0000,0.0000,0,1,0.0000,-1,OFF,0,0,127,127,0,0,127,127,90,90,1,1,0,0,1,1,64,64,1,1,0,0,1,1,8192,8192,1,1,rameau_en_sib,60
#342,1,(502),0,mib4,77847,78620,20,64,0,-1,0,0,0.7730,0.7730,1,0,0,0,0.0000,0.0000,0,1,0.0000,-1,OFF,0,0,127,127,0,0,127,127,90,90,1,1,0,0,1,1,64,64,1,1,0,0,1,1,8192,8192,1,1,rameau_en_sib,60
#343,1,(504),0,mib5,78815,79820,20,64,0,-1,0,0,1.0050,1.0050,1,0,0,0,0.0000,0.0000,0,1,0.0000,-1,OFF,0,0,127,127,0,0,127,127,90,90,1,1,0,0,1,1,64,64,1,1,0,0,1,1,8192,8192,1,1,rameau_en_sib,60
#344,1,(525),0,do4,78816,79821,20,64,0,-1,0,0,1.0050,1.0050,1,0,0,0,0.0000,0.0000,0,1,0.0000,-1,OFF,0,0,127,127,0,0,127,127,90,90,1,1,0,0,1,1,64,64,1,1,0,0,1,1,8192,8192,1,1,rameau_en_sib,60
#345,1,(516),0,do4,78828,79330,20,64,0,-1,0,0,0.5020,0.5020,1,0,0,0,0.0000,0.0000,0,1,0.0000,-1,OFF,0,0,127,127,0,0,127,127,90,90,1,1,0,0,1,1,64,64,1,1,0,0,1,1,8192,8192,1,1,rameau_en_sib,60
#346,1,(518),0,sol4,79293,79796,20,64,0,-1,0,0,0.5030,0.5030,1,0,0,0,0.0000,0.0000,0,1,0.0000,-1,OFF,0,0,127,127,0,0,127,127,90,90,1,1,0,0,1,1,64,64,1,1,0,0,1,1,8192,8192,1,1,rameau_en_sib,60
#347,1,(519),0,fa4,79805,80307,20,64,0,-1,0,0,0.5020,0.5020,1,0,0,0,0.0000,0.0000,0,1,0.0000,-1,OFF,0,0,127,127,0,0,127,127,90,90,1,1,0,0,1,1,64,64,1,1,0,0,1,1,8192,8192,1,1,rameau_en_sib,60
#348,1,(526),0,fa4,79806,80810,20,64,0,-1,0,0,1.0040,1.0040,1,0,0,0,0.0000,0.0000,0,1,0.0000,-1,OFF,0,0,127,127,0,0,127,127,90,90,1,1,0,0,1,1,64,64,1,1,0,0,1,1,8192,8192,1,1,rameau_en_sib,60
#349,1,(506),0,re5,79819,79963,20,64,0,-1,0,0,0.1440,0.1440,1,0,0,0,0.0000,0.0000,0,1,0.0000,-1,OFF,0,0,127,127,0,0,127,127,90,90,1,1,0,0,1,1,64,64,1,1,0,0,1,1,8192,8192,1,1,rameau_en_sib,60
#350,1,(508),0,do5,79925,80809,20,64,0,-1,0,0,0.8840,0.8840,1,0,0,0,0.0000,0.0000,0,1,0.0000,-1,OFF,0,0,127,127,0,0,127,127,90,90,1,1,0,0,1,1,64,64,1,1,0,0,1,1,8192,8192,1,1,rameau_en_sib,60
#351,1,(520),0,lab4,80315,80817,20,64,0,-1,0,0,0.5020,0.5020,1,0,0,0,0.0000,0.0000,0,1,0.0000,-1,OFF,0,0,127,127,0,0,127,127,90,90,1,1,0,0,1,1,64,64,1,1,0,0,1,1,8192,8192,1,1,rameau_en_sib,60
#352,1,(521),0,re4,80811,81313,20,64,0,-1,0,0,0.5020,0.5020,1,0,0,0,0.0000,0.0000,0,1,0.0000,-1,OFF,0,0,127,127,0,0,127,127,90,90,1,1,0,0,1,1,64,64,1,1,0,0,1,1,8192,8192,1,1,rameau_en_sib,60
#353,1,(509),0,fa5,80825,81829,20,64,0,-1,0,0,1.0040,1.0040,1,0,0,0,0.0000,0.0000,0,1,0.0000,-1,OFF,0,0,127,127,0,0,127,127,90,90,1,1,0,0,1,1,64,64,1,1,0,0,1,1,8192,8192,1,1,rameau_en_sib,60
#354,1,(527),0,re4,80838,81842,20,64,0,-1,0,0,1.0040,1.0040,1,0,0,0,0.0000,0.0000,0,1,0.0000,-1,OFF,0,0,127,127,0,0,127,127,90,90,1,1,0,0,1,1,64,64,1,1,0,0,1,1,8192,8192,1,1,rameau_en_sib,60
#355,1,(522),0,la4,81313,81815,20,64,0,-1,0,0,0.5020,0.5020,1,0,0,0,0.0000,0.0000,0,1,0.0000,-1,OFF,0,0,127,127,0,0,127,127,90,90,1,1,0,0,1,1,64,64,1,1,0,0,1,1,8192,8192,1,1,rameau_en_sib,60
#356,1,(540),0,sol4,81825,82327,20,64,0,-1,0,0,0.5020,0.5020,1,0,0,0,0.0000,0.0000,0,1,0.0000,-1,OFF,0,0,127,127,0,0,127,127,90,90,1,1,0,0,1,1,64,64,1,1,0,0,1,1,8192,8192,1,1,rameau_en_sib,60
#357,1,(548),0,sol4,81825,82830,20,64,0,-1,0,0,1.0050,1.0050,1,0,0,0,0.0000,0.0000,0,1,0.0000,-1,OFF,0,0,127,127,0,0,127,127,90,90,1,1,0,0,1,1,64,64,1,1,0,0,1,1,8192,8192,1,1,rameau_en_sib,60
#358,1,(530),0,mib5,81835,81980,20,64,0,-1,0,0,0.1452,0.1452,1,0,0,0,0.0000,0.0000,0,1,0.0000,-1,OFF,0,0,127,127,0,0,127,127,90,90,1,1,0,0,1,1,64,64,1,1,0,0,1,1,8192,8192,1,1,rameau_en_sib,60
#359,1,(532),0,re5,81926,82810,20,64,0,-1,0,0,0.8840,0.8840,1,0,0,0,0.0000,0.0000,0,1,0.0000,-1,OFF,0,0,127,127,0,0,127,127,90,90,1,1,0,0,1,1,64,64,1,1,0,0,1,1,8192,8192,1,1,rameau_en_sib,60
#360,1,(541),0,sib4,82338,82841,20,64,0,-1,0,0,0.5030,0.5030,1,0,0,0,0.0000,0.0000,0,1,0.0000,-1,OFF,0,0,127,127,0,0,127,127,90,90,1,1,0,0,1,1,64,64,1,1,0,0,1,1,8192,8192,1,1,rameau_en_sib,60
#361,1,(533),0,sol5,82808,83812,20,64,0,-1,0,0,1.0040,1.0040,1,0,0,0,0.0000,0.0000,0,1,0.0000,-1,OFF,0,0,127,127,0,0,127,127,90,90,1,1,0,0,1,1,64,64,1,1,0,0,1,1,8192,8192,1,1,rameau_en_sib,60
#362,1,(542),0,mib4,82811,83313,20,64,0,-1,0,0,0.5020,0.5020,1,0,0,0,0.0000,0.0000,0,1,0.0000,-1,OFF,0,0,127,127,0,0,127,127,90,90,1,1,0,0,1,1,64,64,1,1,0,0,1,1,8192,8192,1,1,rameau_en_sib,60
#363,1,(549),0,mib4,82843,83847,20,64,0,-1,0,0,1.0040,1.0040,1,0,0,0,0.0000,0.0000,0,1,0.0000,-1,OFF,0,0,127,127,0,0,127,127,90,90,1,1,0,0,1,1,64,64,1,1,0,0,1,1,8192,8192,1,1,rameau_en_sib,60
#364,1,(543),0,si4,83345,83847,20,64,0,-1,0,0,0.5020,0.5020,1,0,0,0,0.0000,0.0000,0,1,0.0000,-1,OFF,0,0,127,127,0,0,127,127,90,90,1,1,0,0,1,1,64,64,1,1,0,0,1,1,8192,8192,1,1,rameau_en_sib,60
#365,1,(550),0,lab4,83828,84832,20,64,0,-1,0,0,1.0040,1.0040,1,0,0,0,0.0000,0.0000,0,1,0.0000,-1,OFF,0,0,127,127,0,0,127,127,90,90,1,1,0,0,1,1,64,64,1,1,0,0,1,1,8192,8192,1,1,rameau_en_sib,60
#366,1,(535),0,fa5,83843,83987,20,64,0,-1,0,0,0.1440,0.1440,1,0,0,0,0.0000,0.0000,0,1,0.0000,-1,OFF,0,0,127,127,0,0,127,127,90,90,1,1,0,0,1,1,64,64,1,1,0,0,1,1,8192,8192,1,1,rameau_en_sib,60
#367,1,(544),0,lab4,83849,84351,20,64,0,-1,0,0,0.5020,0.5020,1,0,0,0,0.0000,0.0000,0,1,0.0000,-1,OFF,0,0,127,127,0,0,127,127,90,90,1,1,0,0,1,1,64,64,1,1,0,0,1,1,8192,8192,1,1,rameau_en_sib,60
#368,1,(537),0,mib5,83965,84849,20,64,0,-1,0,0,0.8840,0.8840,1,0,0,0,0.0000,0.0000,0,1,0.0000,-1,OFF,0,0,127,127,0,0,127,127,90,90,1,1,0,0,1,1,64,64,1,1,0,0,1,1,8192,8192,1,1,rameau_en_sib,60
#369,1,(545),0,do5,84316,84818,20,64,0,-1,0,0,0.5020,0.5020,1,0,0,0,0.0000,0.0000,0,1,0.0000,-1,OFF,0,0,127,127,0,0,127,127,90,90,1,1,0,0,1,1,64,64,1,1,0,0,1,1,8192,8192,1,1,rameau_en_sib,60
#370,1,(546),0,fa4,84822,85324,20,64,0,-1,0,0,0.5020,0.5020,1,0,0,0,0.0000,0.0000,0,1,0.0000,-1,OFF,0,0,127,127,0,0,127,127,90,90,1,1,0,0,1,1,64,64,1,1,0,0,1,1,8192,8192,1,1,rameau_en_sib,60
#371,1,(551),0,fa4,84838,85843,20,64,0,-1,0,0,1.0050,1.0050,1,0,0,0,0.0000,0.0000,0,1,0.0000,-1,OFF,0,0,127,127,0,0,127,127,90,90,1,1,0,0,1,1,64,64,1,1,0,0,1,1,8192,8192,1,1,rameau_en_sib,60
#372,1,(538),0,lab5,84853,85858,20,64,0,-1,0,0,1.0050,1.0050,1,0,0,0,0.0000,0.0000,0,1,0.0000,-1,OFF,0,0,127,127,0,0,127,127,90,90,1,1,0,0,1,1,64,64,1,1,0,0,1,1,8192,8192,1,1,rameau_en_sib,60
#373,1,(547),0,re5,85336,85839,20,64,0,-1,0,0,0.5030,0.5030,1,0,0,0,0.0000,0.0000,0,1,0.0000,-1,OFF,0,0,127,127,0,0,127,127,90,90,1,1,0,0,1,1,64,64,1,1,0,0,1,1,8192,8192,1,1,rameau_en_sib,60
#374,1,(555),0,la5,85843,85913,20,64,0,-1,0,0,0.0700,0.0700,1,0,0,0,0.0000,0.0000,0,1,0.0000,-1,OFF,0,0,127,127,0,0,127,127,90,90,1,1,0,0,1,1,64,64,1,1,0,0,1,1,8192,8192,1,1,rameau_en_sib,60
#375,1,(575),0,do5,85844,86778,20,64,0,-1,0,0,0.9340,0.9340,1,0,0,0,0.0000,0.0000,0,1,0.0000,-1,OFF,0,0,127,127,0,0,127,127,90,90,1,1,0,0,1,1,64,64,1,1,0,0,1,1,8192,8192,1,1,rameau_en_sib,60
#376,1,(565),0,do5,85848,86310,20,64,0,-1,0,0,0.4620,0.4620,1,0,0,0,0.0000,0.0000,0,1,0.0000,-1,OFF,0,0,127,127,0,0,127,127,90,90,1,1,0,0,1,1,64,64,1,1,0,0,1,1,8192,8192,1,1,rameau_en_sib,60
#377,1,(556),0,sol5,85895,85975,20,64,0,-1,0,0,0.0800,0.0800,1,0,0,0,0.0000,0.0000,0,1,0.0000,-1,OFF,0,0,127,127,0,0,127,127,90,90,1,1,0,0,1,1,64,64,1,1,0,0,1,1,8192,8192,1,1,rameau_en_sib,60
#378,1,(557),0,la5,85984,86065,20,64,0,-1,0,0,0.0810,0.0810,1,0,0,0,0.0000,0.0000,0,1,0.0000,-1,OFF,0,0,127,127,0,0,127,127,90,90,1,1,0,0,1,1,64,64,1,1,0,0,1,1,8192,8192,1,1,rameau_en_sib,60
#379,1,(559),0,sol5,86084,86797,20,64,0,-1,0,0,0.7130,0.7130,1,0,0,0,0.0000,0.0000,0,1,0.0000,-1,OFF,0,0,127,127,0,0,127,127,90,90,1,1,0,0,1,1,64,64,1,1,0,0,1,1,8192,8192,1,1,rameau_en_sib,60
#380,1,(566),0,mib5,86309,86781,20,64,0,-1,0,0,0.4720,0.4720,1,0,0,0,0.0000,0.0000,0,1,0.0000,-1,OFF,0,0,127,127,0,0,127,127,90,90,1,1,0,0,1,1,64,64,1,1,0,0,1,1,8192,8192,1,1,rameau_en_sib,60
#381,1,(577),0,sib4,86922,87866,20,64,0,-1,0,0,0.9440,0.9440,1,0,0,0,0.0000,0.0000,0,1,0.0000,-1,OFF,0,0,127,127,0,0,127,127,90,90,1,1,0,0,1,1,64,64,1,1,0,0,1,1,8192,8192,1,1,rameau_en_sib,60
#382,1,(568),0,sib4,86929,87401,20,64,0,-1,0,0,0.4720,0.4720,1,0,0,0,0.0000,0.0000,0,1,0.0000,-1,OFF,0,0,127,127,0,0,127,127,90,90,1,1,0,0,1,1,64,64,1,1,0,0,1,1,8192,8192,1,1,rameau_en_sib,60
#383,1,(561),0,sol5,86940,87884,20,64,0,-1,0,0,0.9440,0.9440,1,0,0,0,0.0000,0.0000,0,1,0.0000,-1,OFF,0,0,127,127,0,0,127,127,90,90,1,1,0,0,1,1,64,64,1,1,0,0,1,1,8192,8192,1,1,rameau_en_sib,60
#384,1,(569),0,mi5,87425,87897,20,64,0,-1,0,0,0.4720,0.4720,1,0,0,0,0.0000,0.0000,0,1,0.0000,-1,OFF,0,0,127,127,0,0,127,127,90,90,1,1,0,0,1,1,64,64,1,1,0,0,1,1,8192,8192,1,1,rameau_en_sib,60
#385,1,(578),0,lab4,87864,88798,20,64,0,-1,0,0,0.9340,0.9340,1,0,0,0,0.0000,0.0000,0,1,0.0000,-1,OFF,0,0,127,127,0,0,127,127,90,90,1,1,0,0,1,1,64,64,1,1,0,0,1,1,8192,8192,1,1,rameau_en_sib,60
#386,1,(562),0,do6,87869,88803,20,64,0,-1,0,0,0.9340,0.9340,1,0,0,0,0.0000,0.0000,0,1,0.0000,-1,OFF,0,0,127,127,0,0,127,127,90,90,1,1,0,0,1,1,64,64,1,1,0,0,1,1,8192,8192,1,1,rameau_en_sib,60
#387,1,(570),0,lab4,87874,88346,20,64,0,-1,0,0,0.4720,0.4720,1,0,0,0,0.0000,0.0000,0,1,0.0000,-1,OFF,0,0,127,127,0,0,127,127,90,90,1,1,0,0,1,1,64,64,1,1,0,0,1,1,8192,8192,1,1,rameau_en_sib,60
#388,1,(571),0,fa5,88343,88805,20,64,0,-1,0,0,0.4620,0.4620,1,0,0,0,0.0000,0.0000,0,1,0.0000,-1,OFF,0,0,127,127,0,0,127,127,90,90,1,1,0,0,1,1,64,64,1,1,0,0,1,1,8192,8192,1,1,rameau_en_sib,60
#389,1,(563),0,sib5,88799,89933,20,64,0,-1,0,0,1.1340,1.1340,1,0,0,0,0.0000,0.0000,0,1,0.0000,-1,OFF,0,0,127,127,0,0,127,127,90,90,1,1,0,0,1,1,64,64,1,1,0,0,1,1,8192,8192,1,1,rameau_en_sib,60
#390,1,(579),0,sol4,88817,89762,20,64,0,-1,0,0,0.9450,0.9450,1,0,0,0,0.0000,0.0000,0,1,0.0000,-1,OFF,0,0,127,127,0,0,127,127,90,90,1,1,0,0,1,1,64,64,1,1,0,0,1,1,8192,8192,1,1,rameau_en_sib,60
#391,1,(572),0,sol4,88830,89302,20,64,0,-1,0,0,0.4720,0.4720,1,0,0,0,0.0000,0.0000,0,1,0.0000,-1,OFF,0,0,127,127,0,0,127,127,90,90,1,1,0,0,1,1,64,64,1,1,0,0,1,1,8192,8192,1,1,rameau_en_sib,60
#392,1,(573),0,mi5,89277,89750,20,64,0,-1,0,0,0.4730,0.4730,1,0,0,0,0.0000,0.0000,0,1,0.0000,-1,OFF,0,0,127,127,0,0,127,127,90,90,1,1,0,0,1,1,64,64,1,1,0,0,1,1,8192,8192,1,1,rameau_en_sib,60
#393,1,(595),0,fa4,89744,90216,20,64,0,-1,0,0,0.4720,0.4720,1,0,0,0,0.0000,0.0000,0,1,0.0000,-1,OFF,0,0,127,127,0,0,127,127,90,90,1,1,0,0,1,1,64,64,1,1,0,0,1,1,8192,8192,1,1,rameau_en_sib,60
#394,1,(582),0,lab5,89749,89809,20,64,0,-1,0,0,0.0600,0.0600,1,0,0,0,0.0000,0.0000,0,1,0.0000,-1,OFF,0,0,127,127,0,0,127,127,90,90,1,1,0,0,1,1,64,64,1,1,0,0,1,1,8192,8192,1,1,rameau_en_sib,60
#395,1,(603),0,fa4,89773,90717,20,64,0,-1,0,0,0.9440,0.9440,1,0,0,0,0.0000,0.0000,0,1,0.0000,-1,OFF,0,0,127,127,0,0,127,127,90,90,1,1,0,0,1,1,64,64,1,1,0,0,1,1,8192,8192,1,1,rameau_en_sib,60
#396,1,(583),0,sol5,89813,89873,20,64,0,-1,0,0,0.0600,0.0600,1,0,0,0,0.0000,0.0000,0,1,0.0000,-1,OFF,0,0,127,127,0,0,127,127,90,90,1,1,0,0,1,1,64,64,1,1,0,0,1,1,8192,8192,1,1,rameau_en_sib,60
#397,1,(585),0,lab5,89868,90702,20,64,0,-1,0,0,0.8340,0.8340,1,0,0,0,0.0000,0.0000,0,1,0.0000,-1,OFF,0,0,127,127,0,0,127,127,90,90,1,1,0,0,1,1,64,64,1,1,0,0,1,1,8192,8192,1,1,rameau_en_sib,60
#398,1,(596),0,do5,90222,90694,20,64,0,-1,0,0,0.4720,0.4720,1,0,0,0,0.0000,0.0000,0,1,0.0000,-1,OFF,0,0,127,127,0,0,127,127,90,90,1,1,0,0,1,1,64,64,1,1,0,0,1,1,8192,8192,1,1,rameau_en_sib,60
#399,1,(604),0,sol4,90688,91632,20,64,0,-1,0,0,0.9440,0.9440,1,0,0,0,0.0000,0.0000,0,1,0.0000,-1,OFF,0,0,127,127,0,0,127,127,90,90,1,1,0,0,1,1,64,64,1,1,0,0,1,1,8192,8192,1,1,rameau_en_sib,60
#400,1,(586),0,sol5,90706,91650,20,64,0,-1,0,0,0.9440,0.9440,1,0,0,0,0.0000,0.0000,0,1,0.0000,-1,OFF,0,0,127,127,0,0,127,127,90,90,1,1,0,0,1,1,64,64,1,1,0,0,1,1,8192,8192,1,1,rameau_en_sib,60
#401,1,(597),0,sol4,90717,91189,20,64,0,-1,0,0,0.4720,0.4720,1,0,0,0,0.0000,0.0000,0,1,0.0000,-1,OFF,0,0,127,127,0,0,127,127,90,90,1,1,0,0,1,1,64,64,1,1,0,0,1,1,8192,8192,1,1,rameau_en_sib,60
#402,1,(598),0,do5,91184,91656,20,64,0,-1,0,0,0.4720,0.4720,1,0,0,0,0.0000,0.0000,0,1,0.0000,-1,OFF,0,0,127,127,0,0,127,127,90,90,1,1,0,0,1,1,64,64,1,1,0,0,1,1,8192,8192,1,1,rameau_en_sib,60
#403,1,(605),0,lab4,91642,92576,20,64,0,-1,0,0,0.9340,0.9340,1,0,0,0,0.0000,0.0000,0,1,0.0000,-1,OFF,0,0,127,127,0,0,127,127,90,90,1,1,0,0,1,1,64,64,1,1,0,0,1,1,8192,8192,1,1,rameau_en_sib,60
#404,1,(599),0,lab4,91646,92118,20,64,0,-1,0,0,0.4720,0.4720,1,0,0,0,0.0000,0.0000,0,1,0.0000,-1,OFF,0,0,127,127,0,0,127,127,90,90,1,1,0,0,1,1,64,64,1,1,0,0,1,1,8192,8192,1,1,rameau_en_sib,60
#405,1,(588),0,sol5,91656,91726,20,64,0,-1,0,0,0.0700,0.0700,1,0,0,0,0.0000,0.0000,0,1,0.0000,-1,OFF,0,0,127,127,0,0,127,127,90,90,1,1,0,0,1,1,64,64,1,1,0,0,1,1,8192,8192,1,1,rameau_en_sib,60
#406,1,(589),0,fa5,91721,91801,20,64,0,-1,0,0,0.0800,0.0800,1,0,0,0,0.0000,0.0000,0,1,0.0000,-1,OFF,0,0,127,127,0,0,127,127,90,90,1,1,0,0,1,1,64,64,1,1,0,0,1,1,8192,8192,1,1,rameau_en_sib,60
#407,1,(590),0,sol5,91796,91877,20,64,0,-1,0,0,0.0810,0.0810,1,0,0,0,0.0000,0.0000,0,1,0.0000,-1,OFF,0,0,127,127,0,0,127,127,90,90,1,1,0,0,1,1,64,64,1,1,0,0,1,1,8192,8192,1,1,rameau_en_sib,60
#408,1,(592),0,fa5,91879,92592,20,64,0,-1,0,0,0.7130,0.7130,1,0,0,0,0.0000,0.0000,0,1,0.0000,-1,OFF,0,0,127,127,0,0,127,127,90,90,1,1,0,0,1,1,64,64,1,1,0,0,1,1,8192,8192,1,1,rameau_en_sib,60
#409,1,(600),0,do5,92116,92578,20,64,0,-1,0,0,0.4620,0.4620,1,0,0,0,0.0000,0.0000,0,1,0.0000,-1,OFF,0,0,127,127,0,0,127,127,90,90,1,1,0,0,1,1,64,64,1,1,0,0,1,1,8192,8192,1,1,rameau_en_sib,60
#410,1,(601),0,fa4,92561,93033,20,64,0,-1,0,0,0.4720,0.4720,1,0,0,0,0.0000,0.0000,0,1,0.0000,-1,OFF,0,0,127,127,0,0,127,127,90,90,1,1,0,0,1,1,64,64,1,1,0,0,1,1,8192,8192,1,1,rameau_en_sib,60
#411,1,(593),0,mib5,92580,93524,20,64,0,-1,0,0,0.9440,0.9440,1,0,0,0,0.0000,0.0000,0,1,0.0000,-1,OFF,0,0,127,127,0,0,127,127,90,90,1,1,0,0,1,1,64,64,1,1,0,0,1,1,8192,8192,1,1,rameau_en_sib,60
#412,1,(606),0,fa4,92587,93531,20,64,0,-1,0,0,0.9440,0.9440,1,0,0,0,0.0000,0.0000,0,1,0.0000,-1,OFF,0,0,127,127,0,0,127,127,90,90,1,1,0,0,1,1,64,64,1,1,0,0,1,1,8192,8192,1,1,rameau_en_sib,60
#413,1,(602),0,do5,93067,93539,20,64,0,-1,0,0,0.4720,0.4720,1,0,0,0,0.0000,0.0000,0,1,0.0000,-1,OFF,0,0,127,127,0,0,127,127,90,90,1,1,0,0,1,1,64,64,1,1,0,0,1,1,8192,8192,1,1,rameau_en_sib,60
#414,1,(609),0,mib5,93511,93601,20,64,0,-1,0,0,0.0900,0.0900,1,0,0,0,0.0000,0.0000,0,1,0.0000,-1,OFF,0,0,127,127,0,0,127,127,90,90,1,1,0,0,1,1,64,64,1,1,0,0,1,1,8192,8192,1,1,rameau_en_sib,60
#415,1,(627),0,sib4,93526,94028,20,64,0,-1,0,0,0.5020,0.5020,1,0,0,0,0.0000,0.0000,0,1,0.0000,-1,OFF,0,0,127,127,0,0,127,127,90,90,1,1,0,0,1,1,64,64,1,1,0,0,1,1,8192,8192,1,1,rameau_en_sib,60
#416,1,(624),0,sib4,93528,95536,20,64,0,-1,0,0,2.0080,2.0080,1,0,0,0,0.0000,0.0000,0,1,0.0000,-1,OFF,0,0,127,127,0,0,127,127,90,90,1,1,0,0,1,1,64,64,1,1,0,0,1,1,8192,8192,1,1,rameau_en_sib,60
#417,1,(610),0,re5,93599,93680,20,64,0,-1,0,0,0.0810,0.0810,1,0,0,0,0.0000,0.0000,0,1,0.0000,-1,OFF,0,0,127,127,0,0,127,127,90,90,1,1,0,0,1,1,64,64,1,1,0,0,1,1,8192,8192,1,1,rameau_en_sib,60
#418,1,(611),0,mib5,93703,93783,20,64,0,-1,0,0,0.0800,0.0800,1,0,0,0,0.0000,0.0000,0,1,0.0000,-1,OFF,0,0,127,127,0,0,127,127,90,90,1,1,0,0,1,1,64,64,1,1,0,0,1,1,8192,8192,1,1,rameau_en_sib,60
#419,1,(613),0,re5,93779,94532,20,64,0,-1,0,0,0.7530,0.7530,1,0,0,0,0.0000,0.0000,0,1,0.0000,-1,OFF,0,0,127,127,0,0,127,127,90,90,1,1,0,0,1,1,64,64,1,1,0,0,1,1,8192,8192,1,1,rameau_en_sib,60
#420,1,(628),0,lab4,94032,94534,20,64,0,-1,0,0,0.5020,0.5020,1,0,0,0,0.0000,0.0000,0,1,0.0000,-1,OFF,0,0,127,127,0,0,127,127,90,90,1,1,0,0,1,1,64,64,1,1,0,0,1,1,8192,8192,1,1,rameau_en_sib,60
#421,1,(630),0,sol4,94521,96530,20,64,0,-1,0,0,2.0090,2.0090,1,0,0,0,0.0000,0.0000,0,1,0.0000,-1,OFF,0,0,127,127,0,0,127,127,90,90,1,1,0,0,1,1,64,64,1,1,0,0,1,1,8192,8192,1,1,rameau_en_sib,60
#422,1,(615),0,sib5,94525,96534,20,64,0,-1,0,0,2.0090,2.0090,1,0,0,0,0.0000,0.0000,0,1,0.0000,-1,OFF,0,0,127,127,0,0,127,127,90,90,1,1,0,0,1,1,64,64,1,1,0,0,1,1,8192,8192,1,1,rameau_en_sib,60
#423,1,(620),0,reb5,95039,95541,20,64,0,-1,0,0,0.5020,0.5020,1,0,0,0,0.0000,0.0000,0,1,0.0000,-1,OFF,0,0,127,127,0,0,127,127,90,90,1,1,0,0,1,1,64,64,1,1,0,0,1,1,8192,8192,1,1,rameau_en_sib,60
#424,1,(625),0,lab4,95546,97555,20,64,0,-1,0,0,2.0090,2.0090,1,0,0,0,0.0000,0.0000,0,1,0.0000,-1,OFF,0,0,127,127,0,0,127,127,90,90,1,1,0,0,1,1,64,64,1,1,0,0,1,1,8192,8192,1,1,rameau_en_sib,60
#425,1,(621),0,do5,96017,97021,20,64,0,-1,0,0,1.0040,1.0040,1,0,0,0,0.0000,0.0000,0,1,0.0000,-1,OFF,0,0,127,127,0,0,127,127,90,90,1,1,0,0,1,1,64,64,1,1,0,0,1,1,8192,8192,1,1,rameau_en_sib,60
#426,1,(631),0,fa4,96535,98544,20,64,0,-1,0,0,2.0090,2.0090,1,0,0,0,0.0000,0.0000,0,1,0.0000,-1,OFF,0,0,127,127,0,0,127,127,90,90,1,1,0,0,1,1,64,64,1,1,0,0,1,1,8192,8192,1,1,rameau_en_sib,60
#427,1,(616),0,lab5,96537,98535,20,64,0,-1,0,0,1.9980,1.9980,1,0,0,0,0.0000,0.0000,0,1,0.0000,-1,OFF,0,0,127,127,0,0,127,127,90,90,1,1,0,0,1,1,64,64,1,1,0,0,1,1,8192,8192,1,1,rameau_en_sib,60
#428,1,(622),0,do5,97053,97555,20,64,0,-1,0,0,0.5020,0.5020,1,0,0,0,0.0000,0.0000,0,1,0.0000,-1,OFF,0,0,127,127,0,0,127,127,90,90,1,1,0,0,1,1,64,64,1,1,0,0,1,1,8192,8192,1,1,rameau_en_sib,60
#429,1,(642),0,sol4,97523,99532,20,64,0,-1,0,0,2.0090,2.0090,1,0,0,0,0.0000,0.0000,0,1,0.0000,-1,OFF,0,0,127,127,0,0,127,127,90,90,1,1,0,0,1,1,64,64,1,1,0,0,1,1,8192,8192,1,1,rameau_en_sib,60
#430,1,(637),0,sib4,98027,99032,20,64,0,-1,0,0,1.0050,1.0050,1,0,0,0,0.0000,0.0000,0,1,0.0000,-1,OFF,0,0,127,127,0,0,127,127,90,90,1,1,0,0,1,1,64,64,1,1,0,0,1,1,8192,8192,1,1,rameau_en_sib,60
#431,1,(645),0,mib4,98529,100537,20,64,0,-1,0,0,2.0080,2.0080,1,0,0,0,0.0000,0.0000,0,1,0.0000,-1,OFF,0,0,127,127,0,0,127,127,90,90,1,1,0,0,1,1,64,64,1,1,0,0,1,1,8192,8192,1,1,rameau_en_sib,60
#432,1,(634),0,sol5,98550,100558,20,64,0,-1,0,0,2.0080,2.0080,1,0,0,0,0.0000,0.0000,0,1,0.0000,-1,OFF,0,0,127,127,0,0,127,127,90,90,1,1,0,0,1,1,64,64,1,1,0,0,1,1,8192,8192,1,1,rameau_en_sib,60
#433,1,(638),0,sib4,99063,99565,20,64,0,-1,0,0,0.5020,0.5020,1,0,0,0,0.0000,0.0000,0,1,0.0000,-1,OFF,0,0,127,127,0,0,127,127,90,90,1,1,0,0,1,1,64,64,1,1,0,0,1,1,8192,8192,1,1,rameau_en_sib,60
#434,1,(643),0,fa4,99552,101561,20,64,0,-1,0,0,2.0090,2.0090,1,0,0,0,0.0000,0.0000,0,1,0.0000,-1,OFF,0,0,127,127,0,0,127,127,90,90,1,1,0,0,1,1,64,64,1,1,0,0,1,1,8192,8192,1,1,rameau_en_sib,60
#435,1,(639),0,lab4,100064,100566,20,64,0,-1,0,0,0.5020,0.5020,1,0,0,0,0.0000,0.0000,0,1,0.0000,-1,OFF,0,0,127,127,0,0,127,127,90,90,1,1,0,0,1,1,64,64,1,1,0,0,1,1,8192,8192,1,1,rameau_en_sib,60
#436,1,(646),0,re4,100549,101755,20,64,0,-1,0,0,1.2060,1.2060,1,0,0,0,0.0000,0.0000,0,1,0.0000,-1,OFF,0,0,127,127,0,0,127,127,90,90,1,1,0,0,1,1,64,64,1,1,0,0,1,1,8192,8192,1,1,rameau_en_sib,60
#437,1,(635),0,fa5,100554,101559,20,64,0,-1,0,0,1.0050,1.0050,1,0,0,0,0.0000,0.0000,0,1,0.0000,-1,OFF,0,0,127,127,0,0,127,127,90,90,1,1,0,0,1,1,64,64,1,1,0,0,1,1,8192,8192,1,1,rameau_en_sib,60
#438,1,(640),0,lab4,101043,101546,20,64,0,-1,0,0,0.5030,0.5030,1,0,0,0,0.0000,0.0000,0,1,0.0000,-1,OFF,0,0,127,127,0,0,127,127,90,90,1,1,0,0,1,1,64,64,1,1,0,0,1,1,8192,8192,1,1,rameau_en_sib,60
#439,1,(657),0,lab4,101555,102057,20,64,0,-1,0,0,0.5020,0.5020,1,0,0,0,0.0000,0.0000,0,1,0.0000,-1,OFF,0,0,127,127,0,0,127,127,90,90,1,1,0,0,1,1,64,64,1,1,0,0,1,1,8192,8192,1,1,rameau_en_sib,60
#440,1,(648),0,fa5,101574,102578,20,64,0,-1,0,0,1.0040,1.0040,1,0,0,0,0.0000,0.0000,0,1,0.0000,-1,OFF,0,0,127,127,0,0,127,127,90,90,1,1,0,0,1,1,64,64,1,1,0,0,1,1,8192,8192,1,1,rameau_en_sib,60
#441,1,(664),0,mib4,101576,101636,20,64,0,-1,0,0,0.0600,0.0600,1,0,0,0,0.0000,0.0000,0,1,0.0000,-1,OFF,0,0,127,127,0,0,127,127,90,90,1,1,0,0,1,1,64,64,1,1,0,0,1,1,8192,8192,1,1,rameau_en_sib,60
#442,1,(665),0,re4,101625,101695,20,64,0,-1,0,0,0.0700,0.0700,1,0,0,0,0.0000,0.0000,0,1,0.0000,-1,OFF,0,0,127,127,0,0,127,127,90,90,1,1,0,0,1,1,64,64,1,1,0,0,1,1,8192,8192,1,1,rameau_en_sib,60
#443,1,(667),0,mib4,101689,102573,20,64,0,-1,0,0,0.8840,0.8840,1,0,0,0,0.0000,0.0000,0,1,0.0000,-1,OFF,0,0,127,127,0,0,127,127,90,90,1,1,0,0,1,1,64,64,1,1,0,0,1,1,8192,8192,1,1,rameau_en_sib,60
#444,1,(658),0,sol4,102071,102573,20,64,0,-1,0,0,0.5020,0.5020,1,0,0,0,0.0000,0.0000,0,1,0.0000,-1,OFF,0,0,127,127,0,0,127,127,90,90,1,1,0,0,1,1,64,64,1,1,0,0,1,1,8192,8192,1,1,rameau_en_sib,60
#445,1,(659),0,mib5,102555,103057,20,64,0,-1,0,0,0.5020,0.5020,1,0,0,0,0.0000,0.0000,0,1,0.0000,-1,OFF,0,0,127,127,0,0,127,127,90,90,1,1,0,0,1,1,64,64,1,1,0,0,1,1,8192,8192,1,1,rameau_en_sib,60
#446,1,(668),0,sol3,102560,103764,20,64,0,-1,0,0,1.2048,1.2048,1,0,0,0,0.0000,0.0000,0,1,0.0000,-1,OFF,0,0,127,127,0,0,127,127,90,90,1,1,0,0,1,1,64,64,1,1,0,0,1,1,8192,8192,1,1,rameau_en_sib,60
#447,1,(650),0,mib5,102567,103069,20,64,0,-1,0,0,0.5020,0.5020,1,0,0,0,0.0000,0.0000,0,1,0.0000,-1,OFF,0,0,127,127,0,0,127,127,90,90,1,1,0,0,1,1,64,64,1,1,0,0,1,1,8192,8192,1,1,rameau_en_sib,60
#448,1,(660),0,sib4,103047,103549,20,64,0,-1,0,0,0.5020,0.5020,1,0,0,0,0.0000,0.0000,0,1,0.0000,-1,OFF,0,0,127,127,0,0,127,127,90,90,1,1,0,0,1,1,64,64,1,1,0,0,1,1,8192,8192,1,1,rameau_en_sib,60
#449,1,(651),0,sib4,103083,103585,20,64,0,-1,0,0,0.5020,0.5020,1,0,0,0,0.0000,0.0000,0,1,0.0000,-1,OFF,0,0,127,127,0,0,127,127,90,90,1,1,0,0,1,1,64,64,1,1,0,0,1,1,8192,8192,1,1,rameau_en_sib,60
#450,1,(675),0,lab3,103558,104563,20,64,0,-1,0,0,1.0050,1.0050,1,0,0,0,0.0000,0.0000,0,1,0.0000,-1,OFF,0,0,127,127,0,0,127,127,90,90,1,1,0,0,1,1,64,64,1,1,0,0,1,1,8192,8192,1,1,rameau_en_sib,60
#451,1,(670),0,lab3,103560,103620,20,64,0,-1,0,0,0.0600,0.0600,1,0,0,0,0.0000,0.0000,0,1,0.0000,-1,OFF,0,0,127,127,0,0,127,127,90,90,1,1,0,0,1,1,64,64,1,1,0,0,1,1,8192,8192,1,1,rameau_en_sib,60
#452,1,(652),0,do5,103565,104570,20,64,0,-1,0,0,1.0050,1.0050,1,0,0,0,0.0000,0.0000,0,1,0.0000,-1,OFF,0,0,127,127,0,0,127,127,90,90,1,1,0,0,1,1,64,64,1,1,0,0,1,1,8192,8192,1,1,rameau_en_sib,60
#453,1,(671),0,sol3,103616,103687,20,64,0,-1,0,0,0.0710,0.0710,1,0,0,0,0.0000,0.0000,0,1,0.0000,-1,OFF,0,0,127,127,0,0,127,127,90,90,1,1,0,0,1,1,64,64,1,1,0,0,1,1,8192,8192,1,1,rameau_en_sib,60
#454,1,(673),0,lab3,103700,105578,20,64,0,-1,0,0,1.8780,1.8780,1,0,0,0,0.0000,0.0000,0,1,0.0000,-1,OFF,0,0,127,127,0,0,127,127,90,90,1,1,0,0,1,1,64,64,1,1,0,0,1,1,8192,8192,1,1,rameau_en_sib,60
#455,1,(661),0,lab4,104084,105089,20,64,0,-1,0,0,1.0050,1.0050,1,0,0,0,0.0000,0.0000,0,1,0.0000,-1,OFF,0,0,127,127,0,0,127,127,90,90,1,1,0,0,1,1,64,64,1,1,0,0,1,1,8192,8192,1,1,rameau_en_sib,60
#456,1,(654),0,fa5,104561,105063,20,64,0,-1,0,0,0.5020,0.5020,1,0,0,0,0.0000,0.0000,0,1,0.0000,-1,OFF,0,0,127,127,0,0,127,127,90,90,1,1,0,0,1,1,64,64,1,1,0,0,1,1,8192,8192,1,1,rameau_en_sib,60
#457,1,(676),0,fa3,104581,105585,20,64,0,-1,0,0,1.0040,1.0040,1,0,0,0,0.0000,0.0000,0,1,0.0000,-1,OFF,0,0,127,127,0,0,127,127,90,90,1,1,0,0,1,1,64,64,1,1,0,0,1,1,8192,8192,1,1,rameau_en_sib,60
#458,1,(655),0,do5,105066,105568,20,64,0,-1,0,0,0.5020,0.5020,1,0,0,0,0.0000,0.0000,0,1,0.0000,-1,OFF,0,0,127,127,0,0,127,127,90,90,1,1,0,0,1,1,64,64,1,1,0,0,1,1,8192,8192,1,1,rameau_en_sib,60
#459,1,(662),0,lab4,105076,107185,20,64,0,-1,0,0,2.1090,2.1090,1,0,0,0,0.0000,0.0000,0,1,0.0000,-1,OFF,0,0,127,127,0,0,127,127,90,90,1,1,0,0,1,1,64,64,1,1,0,0,1,1,8192,8192,1,1,rameau_en_sib,60
#460,1,(679),0,re5,105574,106116,20,64,0,-1,0,0,0.5420,0.5420,1,0,0,0,0.0000,0.0000,0,1,0.0000,-1,OFF,0,0,127,127,0,0,127,127,90,90,1,1,0,0,1,1,64,64,1,1,0,0,1,1,8192,8192,1,1,rameau_en_sib,60
#461,1,(691),0,sib3,105594,106884,20,64,0,-1,0,0,1.2900,1.2900,1,0,0,0,0.0000,0.0000,0,1,0.0000,-1,OFF,0,0,127,127,0,0,127,127,90,90,1,1,0,0,1,1,64,64,1,1,0,0,1,1,8192,8192,1,1,rameau_en_sib,60
#462,1,(680),0,sib4,106120,106653,20,64,0,-1,0,0,0.5330,0.5330,1,0,0,0,0.0000,0.0000,0,1,0.0000,-1,OFF,0,0,127,127,0,0,127,127,90,90,1,1,0,0,1,1,64,64,1,1,0,0,1,1,8192,8192,1,1,rameau_en_sib,60
#463,1,(693),0,lab3,106654,106925,20,64,0,-1,0,0,0.2710,0.2710,1,0,0,0,0.0000,0.0000,0,1,0.0000,-1,OFF,0,0,127,127,0,0,127,127,90,90,1,1,0,0,1,1,64,64,1,1,0,0,1,1,8192,8192,1,1,rameau_en_sib,60
#464,1,(682),0,mib5,106668,108827,20,64,0,-1,0,0,2.1590,2.1590,1,0,0,0,0.0000,0.0000,0,1,0.0000,-1,OFF,0,0,127,127,0,0,127,127,90,90,1,1,0,0,1,1,64,64,1,1,0,0,1,1,8192,8192,1,1,rameau_en_sib,60
#465,1,(695),0,la3,106920,107101,20,64,0,-1,0,0,0.1810,0.1810,1,0,0,0,0.0000,0.0000,0,1,0.0000,-1,OFF,0,0,127,127,0,0,127,127,90,90,1,1,0,0,1,1,64,64,1,1,0,0,1,1,8192,8192,1,1,rameau_en_sib,60
#466,1,(696),0,lab3,107122,107302,20,64,0,-1,0,0,0.1800,0.1800,1,0,0,0,0.0000,0.0000,0,1,0.0000,-1,OFF,0,0,127,127,0,0,127,127,90,90,1,1,0,0,1,1,64,64,1,1,0,0,1,1,8192,8192,1,1,rameau_en_sib,60
#467,1,(689),0,sol4,107173,107715,20,64,0,-1,0,0,0.5420,0.5420,1,0,0,0,0.0000,0.0000,0,1,0.0000,-1,OFF,0,0,127,127,0,0,127,127,90,90,1,1,0,0,1,1,64,64,1,1,0,0,1,1,8192,8192,1,1,rameau_en_sib,60
#468,1,(697),0,sol3,107264,107445,20,64,0,-1,0,0,0.1810,0.1810,1,0,0,0,0.0000,0.0000,0,1,0.0000,-1,OFF,0,0,127,127,0,0,127,127,90,90,1,1,0,0,1,1,64,64,1,1,0,0,1,1,8192,8192,1,1,rameau_en_sib,60
#469,1,(698),0,lab3,107479,107750,20,64,0,-1,0,0,0.2710,0.2710,1,0,0,0,0.0000,0.0000,0,1,0.0000,-1,OFF,0,0,127,127,0,0,127,127,90,90,1,1,0,0,1,1,64,64,1,1,0,0,1,1,8192,8192,1,1,rameau_en_sib,60
#470,1,(699),0,sib3,107714,109874,20,64,0,-1,0,0,2.1600,2.1600,1,0,0,0,0.0000,0.0000,0,1,0.0000,-1,OFF,0,0,127,127,0,0,127,127,90,90,1,1,0,0,1,1,64,64,1,1,0,0,1,1,8192,8192,1,1,rameau_en_sib,60
#471,1,(701),0,sib3,107738,108823,20,64,0,-1,0,0,1.0850,1.0850,1,0,0,0,0.0000,0.0000,0,1,0.0000,-1,OFF,0,0,127,127,0,0,127,127,90,90,1,1,0,0,1,1,64,64,1,1,0,0,1,1,8192,8192,1,1,rameau_en_sib,60
#472,1,(690),0,fa4,108255,109872,20,64,0,-1,0,0,1.6170,1.6170,1,0,0,0,0.0000,0.0000,0,1,0.0000,-1,OFF,0,0,127,127,0,0,127,127,90,90,1,1,0,0,1,1,64,64,1,1,0,0,1,1,8192,8192,1,1,rameau_en_sib,60
#473,1,(684),0,mib5,108818,109621,20,64,0,-1,0,0,0.8030,0.8030,1,0,0,0,0.0000,0.0000,0,1,0.0000,-1,OFF,0,0,127,127,0,0,127,127,90,90,1,1,0,0,1,1,64,64,1,1,0,0,1,1,8192,8192,1,1,rameau_en_sib,60
#474,1,(702),0,sib2,108822,109907,20,64,0,-1,0,0,1.0850,1.0850,1,0,0,0,0.0000,0.0000,0,1,0.0000,-1,OFF,0,0,127,127,0,0,127,127,90,90,1,1,0,0,1,1,64,64,1,1,0,0,1,1,8192,8192,1,1,rameau_en_sib,60
#475,1,(686),0,re5,109605,109877,20,64,0,-1,0,0,0.2720,0.2720,1,0,0,0,0.0000,0.0000,0,1,0.0000,-1,OFF,0,0,127,127,0,0,127,127,90,90,1,1,0,0,1,1,64,64,1,1,0,0,1,1,8192,8192,1,1,rameau_en_sib,60
#476,1,(711),0,sol4,109884,110998,20,64,0,-1,0,0,1.1140,1.1140,1,0,0,0,0.0000,0.0000,0,1,0.0000,-1,OFF,0,0,127,127,0,0,127,127,90,90,1,1,0,0,1,1,64,64,1,1,0,0,1,1,8192,8192,1,1,rameau_en_sib,60
#477,1,(717),0,mib3,109892,111006,20,64,0,-1,0,0,1.1140,1.1140,1,0,0,0,0.0000,0.0000,0,1,0.0000,-1,OFF,0,0,127,127,0,0,127,127,90,90,1,1,0,0,1,1,64,64,1,1,0,0,1,1,8192,8192,1,1,rameau_en_sib,60
#478,1,(705),0,re5,109896,110064,20,64,0,-1,0,0,0.1680,0.1680,1,0,0,0,0.0000,0.0000,0,1,0.0000,-1,OFF,0,0,127,127,0,0,127,127,90,90,1,1,0,0,1,1,64,64,1,1,0,0,1,1,8192,8192,1,1,rameau_en_sib,60
#479,1,(707),0,mib5,110042,111016,20,64,0,-1,0,0,0.9740,0.9740,1,0,0,0,0.0000,0.0000,0,1,0.0000,-1,OFF,0,0,127,127,0,0,127,127,90,90,1,1,0,0,1,1,64,64,1,1,0,0,1,1,8192,8192,1,1,rameau_en_sib,60
#480,1,(718),0,sol2,110989,112104,20,64,0,-1,0,0,1.1150,1.1150,1,0,0,0,0.0000,0.0000,0,1,0.0000,-1,OFF,0,0,127,127,0,0,127,127,90,90,1,1,0,0,1,1,64,64,1,1,0,0,1,1,8192,8192,1,1,rameau_en_sib,60
#481,1,(709),0,sib4,111008,113248,20,64,0,-1,0,0,2.2400,2.2400,1,0,0,0,0.0000,0.0000,0,1,0.0000,-1,OFF,0,0,127,127,0,0,127,127,90,90,1,1,0,0,1,1,64,64,1,1,0,0,1,1,8192,8192,1,1,rameau_en_sib,60
#482,1,(714),0,reb4,111569,112131,20,64,0,-1,0,0,0.5620,0.5620,1,0,0,0,0.0000,0.0000,0,1,0.0000,-1,OFF,0,0,127,127,0,0,127,127,90,90,1,1,0,0,1,1,64,64,1,1,0,0,1,1,8192,8192,1,1,rameau_en_sib,60
#483,1,(719),0,lab2,112094,113209,20,64,0,-1,0,0,1.1150,1.1150,1,0,0,0,0.0000,0.0000,0,1,0.0000,-1,OFF,0,0,127,127,0,0,127,127,90,90,1,1,0,0,1,1,64,64,1,1,0,0,1,1,8192,8192,1,1,rameau_en_sib,60
#484,1,(715),0,do4,112684,113788,20,64,0,-1,0,0,1.1040,1.1040,1,0,0,0,0.0000,0.0000,0,1,0.0000,-1,OFF,0,0,127,127,0,0,127,127,90,90,1,1,0,0,1,1,64,64,1,1,0,0,1,1,8192,8192,1,1,rameau_en_sib,60
#485,1,(710),0,lab4,113226,114341,20,64,0,-1,0,0,1.1150,1.1150,1,0,0,0,0.0000,0.0000,0,1,0.0000,-1,OFF,0,0,127,127,0,0,127,127,90,90,1,1,0,0,1,1,64,64,1,1,0,0,1,1,8192,8192,1,1,rameau_en_sib,60
#486,1,(720),0,fa2,113229,114344,20,64,0,-1,0,0,1.1150,1.1150,1,0,0,0,0.0000,0.0000,0,1,0.0000,-1,OFF,0,0,127,127,0,0,127,127,90,90,1,1,0,0,1,1,64,64,1,1,0,0,1,1,8192,8192,1,1,rameau_en_sib,60
#487,1,(716),0,do4,113797,114360,20,64,0,-1,0,0,0.5630,0.5630,1,0,0,0,0.0000,0.0000,0,1,0.0000,-1,OFF,0,0,127,127,0,0,127,127,90,90,1,1,0,0,1,1,64,64,1,1,0,0,1,1,8192,8192,1,1,rameau_en_sib,60
#488,1,(742),0,re3,114338,115453,20,64,0,-1,0,0,1.1150,1.1150,1,0,0,0,0.0000,0.0000,0,1,0.0000,-1,OFF,0,0,127,127,0,0,127,127,90,90,1,1,0,0,1,1,64,64,1,1,0,0,1,1,8192,8192,1,1,rameau_en_sib,60
#489,1,(738),0,sib3,114890,115453,20,64,0,-1,0,0,0.5630,0.5630,1,0,0,0,0.0000,0.0000,0,1,0.0000,-1,OFF,0,0,127,127,0,0,127,127,90,90,1,1,0,0,1,1,64,64,1,1,0,0,1,1,8192,8192,1,1,rameau_en_sib,60
#490,1,(743),0,mib3,115451,116565,20,64,0,-1,0,0,1.1140,1.1140,1,0,0,0,0.0000,0.0000,0,1,0.0000,-1,OFF,0,0,127,127,0,0,127,127,90,90,1,1,0,0,1,1,64,64,1,1,0,0,1,1,8192,8192,1,1,rameau_en_sib,60
#491,1,(722),0,sol4,115454,116568,20,64,0,-1,0,0,1.1140,1.1140,1,0,0,0,0.0000,0.0000,0,1,0.0000,-1,OFF,0,0,127,127,0,0,127,127,90,90,1,1,0,0,1,1,64,64,1,1,0,0,1,1,8192,8192,1,1,rameau_en_sib,60
#492,1,(739),0,mib4,116023,116698,20,64,0,-1,0,0,0.6756,0.6756,1,0,0,0,0.0000,0.0000,0,1,0.0000,-1,OFF,0,0,127,127,0,0,127,127,90,90,1,1,0,0,1,1,64,64,1,1,0,0,1,1,8192,8192,1,1,rameau_en_sib,60
#493,1,(740),0,mib4,116557,117682,20,64,0,-1,0,0,1.1250,1.1250,1,0,0,0,0.0000,0.0000,0,1,0.0000,-1,OFF,0,0,127,127,0,0,127,127,90,90,1,1,0,0,1,1,64,64,1,1,0,0,1,1,8192,8192,1,1,rameau_en_sib,60
#494,1,(724),0,sol4,116569,116738,20,64,0,-1,0,0,0.1692,0.1692,1,0,0,0,0.0000,0.0000,0,1,0.0000,-1,OFF,0,0,127,127,0,0,127,127,90,90,1,1,0,0,1,1,64,64,1,1,0,0,1,1,8192,8192,1,1,rameau_en_sib,60
#495,1,(744),0,lab2,116579,117704,20,64,0,-1,0,0,1.1250,1.1250,1,0,0,0,0.0000,0.0000,0,1,0.0000,-1,OFF,0,0,127,127,0,0,127,127,90,90,1,1,0,0,1,1,64,64,1,1,0,0,1,1,8192,8192,1,1,rameau_en_sib,60
#496,1,(726),0,fa4,116712,117696,20,64,0,-1,0,0,0.9840,0.9840,1,0,0,0,0.0000,0.0000,0,1,0.0000,-1,OFF,0,0,127,127,0,0,127,127,90,90,1,1,0,0,1,1,64,64,1,1,0,0,1,1,8192,8192,1,1,rameau_en_sib,60
#497,1,(728),0,fa4,117692,117849,20,64,0,-1,0,0,0.1572,0.1572,1,0,0,0,0.0000,0.0000,0,1,0.0000,-1,OFF,0,0,127,127,0,0,127,127,90,90,1,1,0,0,1,1,64,64,1,1,0,0,1,1,8192,8192,1,1,rameau_en_sib,60
#498,1,(741),0,re4,117698,118813,20,64,0,-1,0,0,1.1150,1.1150,1,0,0,0,0.0000,0.0000,0,1,0.0000,-1,OFF,0,0,127,127,0,0,127,127,90,90,1,1,0,0,1,1,64,64,1,1,0,0,1,1,8192,8192,1,1,rameau_en_sib,60
#499,1,(745),0,sib2,117700,118825,20,64,0,-1,0,0,1.1250,1.1250,1,0,0,0,0.0000,0.0000,0,1,0.0000,-1,OFF,0,0,127,127,0,0,127,127,90,90,1,1,0,0,1,1,64,64,1,1,0,0,1,1,8192,8192,1,1,rameau_en_sib,60
#500,1,(731),0,sol4,117838,117888,20,64,0,-1,0,0,0.0500,0.0500,1,0,0,0,0.0000,0.0000,0,1,0.0000,-1,OFF,0,0,127,127,0,0,127,127,90,90,1,1,0,0,1,1,64,64,1,1,0,0,1,1,8192,8192,1,1,rameau_en_sib,60
#501,1,(732),0,fa4,117890,117930,20,64,0,-1,0,0,0.0400,0.0400,1,0,0,0,0.0000,0.0000,0,1,0.0000,-1,OFF,0,0,127,127,0,0,127,127,90,90,1,1,0,0,1,1,64,64,1,1,0,0,1,1,8192,8192,1,1,rameau_en_sib,60
#502,1,(734),0,sol4,117902,118515,20,64,0,-1,0,0,0.6130,0.6130,1,0,0,0,0.0000,0.0000,0,1,0.0000,-1,OFF,0,0,127,127,0,0,127,127,90,90,1,1,0,0,1,1,64,64,1,1,0,0,1,1,8192,8192,1,1,rameau_en_sib,60
#503,1,(736),0,lab4,118538,118819,20,64,0,-1,0,0,0.2810,0.2810,1,0,0,0,0.0000,0.0000,0,1,0.0000,-1,OFF,0,0,127,127,0,0,127,127,90,90,1,1,0,0,1,1,64,64,1,1,0,0,1,1,8192,8192,1,1,rameau_en_sib,60
#504,1,(755),0,mib2,118795,120091,20,64,0,-1,0,0,1.2960,1.2960,1,0,0,0,0.0000,0.0000,0,1,0.0000,-1,OFF,0,0,127,127,0,0,127,127,90,90,1,1,0,0,1,1,64,64,1,1,0,0,1,1,8192,8192,1,1,rameau_en_sib,60
#505,1,(747),0,mib4,118808,119923,20,64,0,-1,0,0,1.1150,1.1150,1,0,0,0,0.0000,0.0000,0,1,0.0000,-1,OFF,0,0,127,127,0,0,127,127,90,90,1,1,0,0,1,1,64,64,1,1,0,0,1,1,8192,8192,1,1,rameau_en_sib,60
#506,1,(750),0,sol4,118810,118880,20,64,0,-1,0,0,0.0700,0.0700,1,0,0,0,0.0000,0.0000,0,1,0.0000,-1,OFF,0,0,127,127,0,0,127,127,90,90,1,1,0,0,1,1,64,64,1,1,0,0,1,1,8192,8192,1,1,rameau_en_sib,60
#507,1,(751),0,fa4,118876,118947,20,64,0,-1,0,0,0.0710,0.0710,1,0,0,0,0.0000,0.0000,0,1,0.0000,-1,OFF,0,0,127,127,0,0,127,127,90,90,1,1,0,0,1,1,64,64,1,1,0,0,1,1,8192,8192,1,1,rameau_en_sib,60
#508,1,(753),0,sol4,118958,119942,20,64,0,-1,0,0,0.9840,0.9840,1,0,0,0,0.0000,0.0000,0,1,0.0000,-1,OFF,0,0,127,127,0,0,127,127,90,90,1,1,0,0,1,1,64,64,1,1,0,0,1,1,8192,8192,1,1,rameau_en_sib,60
#509,1,(771),0,mib3,120102,122110,20,64,0,-1,0,0,2.0080,2.0080,1,0,0,0,0.0000,0.0000,0,1,0.0000,-1,OFF,0,0,127,127,0,0,127,127,90,90,1,1,0,0,1,1,64,64,1,1,0,0,1,1,8192,8192,1,1,rameau_en_sib,60
#510,1,(763),0,sol5,120104,120606,20,64,0,-1,0,0,0.5020,0.5020,1,0,0,0,0.0000,0.0000,0,1,0.0000,-1,OFF,0,0,127,127,0,0,127,127,90,90,1,1,0,0,1,1,64,64,1,1,0,0,1,1,8192,8192,1,1,rameau_en_sib,60
#511,1,(757),0,sol5,120115,121119,20,64,0,-1,0,0,1.0040,1.0040,1,0,0,0,0.0000,0.0000,0,1,0.0000,-1,OFF,0,0,127,127,0,0,127,127,90,90,1,1,0,0,1,1,64,64,1,1,0,0,1,1,8192,8192,1,1,rameau_en_sib,60
#512,1,(764),0,sol4,120599,121101,20,64,0,-1,0,0,0.5020,0.5020,1,0,0,0,0.0000,0.0000,0,1,0.0000,-1,OFF,0,0,127,127,0,0,127,127,90,90,1,1,0,0,1,1,64,64,1,1,0,0,1,1,8192,8192,1,1,rameau_en_sib,60
#513,1,(769),0,fa3,121105,123114,20,64,0,-1,0,0,2.0090,2.0090,1,0,0,0,0.0000,0.0000,0,1,0.0000,-1,OFF,0,0,127,127,0,0,127,127,90,90,1,1,0,0,1,1,64,64,1,1,0,0,1,1,8192,8192,1,1,rameau_en_sib,60
#514,1,(758),0,lab4,121106,122110,20,64,0,-1,0,0,1.0040,1.0040,1,0,0,0,0.0000,0.0000,0,1,0.0000,-1,OFF,0,0,127,127,0,0,127,127,90,90,1,1,0,0,1,1,64,64,1,1,0,0,1,1,8192,8192,1,1,rameau_en_sib,60
#515,1,(765),0,fa4,121612,122617,20,64,0,-1,0,0,1.0050,1.0050,1,0,0,0,0.0000,0.0000,0,1,0.0000,-1,OFF,0,0,127,127,0,0,127,127,90,90,1,1,0,0,1,1,64,64,1,1,0,0,1,1,8192,8192,1,1,rameau_en_sib,60
#516,1,(772),0,re3,122110,124189,20,64,0,-1,0,0,2.0790,2.0790,1,0,0,0,0.0000,0.0000,0,1,0.0000,-1,OFF,0,0,127,127,0,0,127,127,90,90,1,1,0,0,1,1,64,64,1,1,0,0,1,1,8192,8192,1,1,rameau_en_sib,60
#517,1,(760),0,fa5,122116,122619,20,64,0,-1,0,0,0.5030,0.5030,1,0,0,0,0.0000,0.0000,0,1,0.0000,-1,OFF,0,0,127,127,0,0,127,127,90,90,1,1,0,0,1,1,64,64,1,1,0,0,1,1,8192,8192,1,1,rameau_en_sib,60
#518,1,(761),0,fa4,122601,123103,20,64,0,-1,0,0,0.5020,0.5020,1,0,0,0,0.0000,0.0000,0,1,0.0000,-1,OFF,0,0,127,127,0,0,127,127,90,90,1,1,0,0,1,1,64,64,1,1,0,0,1,1,8192,8192,1,1,rameau_en_sib,60
#519,1,(766),0,fa4,122632,123666,20,64,0,-1,0,0,1.0340,1.0340,1,0,0,0,0.0000,0.0000,0,1,0.0000,-1,OFF,0,0,127,127,0,0,127,127,90,90,1,1,0,0,1,1,64,64,1,1,0,0,1,1,8192,8192,1,1,rameau_en_sib,60
#520,1,(789),0,mib3,123138,125297,20,64,0,-1,0,0,2.1590,2.1590,1,0,0,0,0.0000,0.0000,0,1,0.0000,-1,OFF,0,0,127,127,0,0,127,127,90,90,1,1,0,0,1,1,64,64,1,1,0,0,1,1,8192,8192,1,1,rameau_en_sib,60
#521,1,(774),0,sol4,123140,124214,20,64,0,-1,0,0,1.0740,1.0740,1,0,0,0,0.0000,0.0000,0,1,0.0000,-1,OFF,0,0,127,127,0,0,127,127,90,90,1,1,0,0,1,1,64,64,1,1,0,0,1,1,8192,8192,1,1,rameau_en_sib,60
#522,1,(784),0,mib4,123660,124725,20,64,0,-1,0,0,1.0650,1.0650,1,0,0,0,0.0000,0.0000,0,1,0.0000,-1,OFF,0,0,127,127,0,0,127,127,90,90,1,1,0,0,1,1,64,64,1,1,0,0,1,1,8192,8192,1,1,rameau_en_sib,60
#523,1,(776),0,mib5,124188,124731,20,64,0,-1,0,0,0.5430,0.5430,1,0,0,0,0.0000,0.0000,0,1,0.0000,-1,OFF,0,0,127,127,0,0,127,127,90,90,1,1,0,0,1,1,64,64,1,1,0,0,1,1,8192,8192,1,1,rameau_en_sib,60
#524,1,(793),0,do3,124192,126352,20,64,0,-1,0,0,2.1600,2.1600,1,0,0,0,0.0000,0.0000,0,1,0.0000,-1,OFF,0,0,127,127,0,0,127,127,90,90,1,1,0,0,1,1,64,64,1,1,0,0,1,1,8192,8192,1,1,rameau_en_sib,60
#525,1,(777),0,mib4,124722,125264,20,64,0,-1,0,0,0.5420,0.5420,1,0,0,0,0.0000,0.0000,0,1,0.0000,-1,OFF,0,0,127,127,0,0,127,127,90,90,1,1,0,0,1,1,64,64,1,1,0,0,1,1,8192,8192,1,1,rameau_en_sib,60
#526,1,(785),0,mib4,124756,125298,20,64,0,-1,0,0,0.5420,0.5420,1,0,0,0,0.0000,0.0000,0,1,0.0000,-1,OFF,0,0,127,127,0,0,127,127,90,90,1,1,0,0,1,1,64,64,1,1,0,0,1,1,8192,8192,1,1,rameau_en_sib,60
#527,1,(791),0,re3,125270,127419,20,64,0,-1,0,0,2.1490,2.1490,1,0,0,0,0.0000,0.0000,0,1,0.0000,-1,OFF,0,0,127,127,0,0,127,127,90,90,1,1,0,0,1,1,64,64,1,1,0,0,1,1,8192,8192,1,1,rameau_en_sib,60
#528,1,(778),0,fa4,125295,126370,20,64,0,-1,0,0,1.0750,1.0750,1,0,0,0,0.0000,0.0000,0,1,0.0000,-1,OFF,0,0,127,127,0,0,127,127,90,90,1,1,0,0,1,1,64,64,1,1,0,0,1,1,8192,8192,1,1,rameau_en_sib,60
#529,1,(786),0,re4,125801,126876,20,64,0,-1,0,0,1.0750,1.0750,1,0,0,0,0.0000,0.0000,0,1,0.0000,-1,OFF,0,0,127,127,0,0,127,127,90,90,1,1,0,0,1,1,64,64,1,1,0,0,1,1,8192,8192,1,1,rameau_en_sib,60
#530,1,(794),0,si2,126362,127662,20,64,0,-1,0,0,1.3008,1.3008,1,0,0,0,0.0000,0.0000,0,1,0.0000,-1,OFF,0,0,127,127,0,0,127,127,90,90,1,1,0,0,1,1,64,64,1,1,0,0,1,1,8192,8192,1,1,rameau_en_sib,60
#531,1,(780),0,sol4,126363,126895,20,64,0,-1,0,0,0.5320,0.5320,1,0,0,0,0.0000,0.0000,0,1,0.0000,-1,OFF,0,0,127,127,0,0,127,127,90,90,1,1,0,0,1,1,64,64,1,1,0,0,1,1,8192,8192,1,1,rameau_en_sib,60
#532,1,(781),0,re4,126901,127443,20,64,0,-1,0,0,0.5420,0.5420,1,0,0,0,0.0000,0.0000,0,1,0.0000,-1,OFF,0,0,127,127,0,0,127,127,90,90,1,1,0,0,1,1,64,64,1,1,0,0,1,1,8192,8192,1,1,rameau_en_sib,60
#533,1,(814),0,do3,127417,127478,20,64,0,-1,0,0,0.0610,0.0610,1,0,0,0,0.0000,0.0000,0,1,0.0000,-1,OFF,0,0,127,127,0,0,127,127,90,90,1,1,0,0,1,1,64,64,1,1,0,0,1,1,8192,8192,1,1,rameau_en_sib,60
#534,1,(806),0,mib4,127435,127907,20,64,0,-1,0,0,0.4720,0.4720,1,0,0,0,0.0000,0.0000,0,1,0.0000,-1,OFF,0,0,127,127,0,0,127,127,90,90,1,1,0,0,1,1,64,64,1,1,0,0,1,1,8192,8192,1,1,rameau_en_sib,60
#535,1,(797),0,mib4,127437,127498,20,64,0,-1,0,0,0.0610,0.0610,1,0,0,0,0.0000,0.0000,0,1,0.0000,-1,OFF,0,0,127,127,0,0,127,127,90,90,1,1,0,0,1,1,64,64,1,1,0,0,1,1,8192,8192,1,1,rameau_en_sib,60
#536,1,(798),0,re4,127471,127531,20,64,0,-1,0,0,0.0600,0.0600,1,0,0,0,0.0000,0.0000,0,1,0.0000,-1,OFF,0,0,127,127,0,0,127,127,90,90,1,1,0,0,1,1,64,64,1,1,0,0,1,1,8192,8192,1,1,rameau_en_sib,60
#537,1,(815),0,sib2,127497,127557,20,64,0,-1,0,0,0.0600,0.0600,1,0,0,0,0.0000,0.0000,0,1,0.0000,-1,OFF,0,0,127,127,0,0,127,127,90,90,1,1,0,0,1,1,64,64,1,1,0,0,1,1,8192,8192,1,1,rameau_en_sib,60
#538,1,(817),0,do3,127556,128390,20,64,0,-1,0,0,0.8340,0.8340,1,0,0,0,0.0000,0.0000,0,1,0.0000,-1,OFF,0,0,127,127,0,0,127,127,90,90,1,1,0,0,1,1,64,64,1,1,0,0,1,1,8192,8192,1,1,rameau_en_sib,60
#539,1,(800),0,mib4,127569,128403,20,64,0,-1,0,0,0.8340,0.8340,1,0,0,0,0.0000,0.0000,0,1,0.0000,-1,OFF,0,0,127,127,0,0,127,127,90,90,1,1,0,0,1,1,64,64,1,1,0,0,1,1,8192,8192,1,1,rameau_en_sib,60
#540,1,(807),0,do4,127910,128382,20,64,0,-1,0,0,0.4720,0.4720,1,0,0,0,0.0000,0.0000,0,1,0.0000,-1,OFF,0,0,127,127,0,0,127,127,90,90,1,1,0,0,1,1,64,64,1,1,0,0,1,1,8192,8192,1,1,rameau_en_sib,60
#541,1,(803),0,mib5,128505,130393,20,64,0,-1,0,0,1.8880,1.8880,1,0,0,0,0.0000,0.0000,0,1,0.0000,-1,OFF,0,0,127,127,0,0,127,127,90,90,1,1,0,0,1,1,64,64,1,1,0,0,1,1,8192,8192,1,1,rameau_en_sib,60
#542,1,(820),0,do4,128526,130414,20,64,0,-1,0,0,1.8880,1.8880,1,0,0,0,0.0000,0.0000,0,1,0.0000,-1,OFF,0,0,127,127,0,0,127,127,90,90,1,1,0,0,1,1,64,64,1,1,0,0,1,1,8192,8192,1,1,rameau_en_sib,60
#543,1,(809),0,mib5,128540,129012,20,64,0,-1,0,0,0.4720,0.4720,1,0,0,0,0.0000,0.0000,0,1,0.0000,-1,OFF,0,0,127,127,0,0,127,127,90,90,1,1,0,0,1,1,64,64,1,1,0,0,1,1,8192,8192,1,1,rameau_en_sib,60
#544,1,(810),0,sol4,128997,129469,20,64,0,-1,0,0,0.4720,0.4720,1,0,0,0,0.0000,0.0000,0,1,0.0000,-1,OFF,0,0,127,127,0,0,127,127,90,90,1,1,0,0,1,1,64,64,1,1,0,0,1,1,8192,8192,1,1,rameau_en_sib,60
#545,1,(825),0,re4,129486,131364,20,64,0,-1,0,0,1.8780,1.8780,1,0,0,0,0.0000,0.0000,0,1,0.0000,-1,OFF,0,0,127,127,0,0,127,127,90,90,1,1,0,0,1,1,64,64,1,1,0,0,1,1,8192,8192,1,1,rameau_en_sib,60
#546,1,(811),0,fa#4,129935,130407,20,64,0,-1,0,0,0.4720,0.4720,1,0,0,0,0.0000,0.0000,0,1,0.0000,-1,OFF,0,0,127,127,0,0,127,127,90,90,1,1,0,0,1,1,64,64,1,1,0,0,1,1,8192,8192,1,1,rameau_en_sib,60
#547,1,(804),0,re5,130415,132283,20,64,0,-1,0,0,1.8680,1.8680,1,0,0,0,0.0000,0.0000,0,1,0.0000,-1,OFF,0,0,127,127,0,0,127,127,90,90,1,1,0,0,1,1,64,64,1,1,0,0,1,1,8192,8192,1,1,rameau_en_sib,60
#548,1,(821),0,sib3,130424,131368,20,64,0,-1,0,0,0.9440,0.9440,1,0,0,0,0.0000,0.0000,0,1,0.0000,-1,OFF,0,0,127,127,0,0,127,127,90,90,1,1,0,0,1,1,64,64,1,1,0,0,1,1,8192,8192,1,1,rameau_en_sib,60
#549,1,(812),0,fa4,130893,131365,20,64,0,-1,0,0,0.4720,0.4720,1,0,0,0,0.0000,0.0000,0,1,0.0000,-1,OFF,0,0,127,127,0,0,127,127,90,90,1,1,0,0,1,1,64,64,1,1,0,0,1,1,8192,8192,1,1,rameau_en_sib,60
#550,1,(837),0,do4,131342,133230,20,64,0,-1,0,0,1.8880,1.8880,1,0,0,0,0.0000,0.0000,0,1,0.0000,-1,OFF,0,0,127,127,0,0,127,127,90,90,1,1,0,0,1,1,64,64,1,1,0,0,1,1,8192,8192,1,1,rameau_en_sib,60
#551,1,(831),0,mi4,131810,132282,20,64,0,-1,0,0,0.4720,0.4720,1,0,0,0,0.0000,0.0000,0,1,0.0000,-1,OFF,0,0,127,127,0,0,127,127,90,90,1,1,0,0,1,1,64,64,1,1,0,0,1,1,8192,8192,1,1,rameau_en_sib,60
#552,1,(840),0,la3,132299,133431,20,64,0,-1,0,0,1.1328,1.1328,1,0,0,0,0.0000,0.0000,0,1,0.0000,-1,OFF,0,0,127,127,0,0,127,127,90,90,1,1,0,0,1,1,64,64,1,1,0,0,1,1,8192,8192,1,1,rameau_en_sib,60
#553,1,(828),0,do5,132310,134199,20,64,0,-1,0,0,1.8890,1.8890,1,0,0,0,0.0000,0.0000,0,1,0.0000,-1,OFF,0,0,127,127,0,0,127,127,90,90,1,1,0,0,1,1,64,64,1,1,0,0,1,1,8192,8192,1,1,rameau_en_sib,60
#554,1,(832),0,mib4,132775,133247,20,64,0,-1,0,0,0.4720,0.4720,1,0,0,0,0.0000,0.0000,0,1,0.0000,-1,OFF,0,0,127,127,0,0,127,127,90,90,1,1,0,0,1,1,64,64,1,1,0,0,1,1,8192,8192,1,1,rameau_en_sib,60
#555,1,(841),0,fa#3,133227,134361,20,64,0,-1,0,0,1.1340,1.1340,1,0,0,0,0.0000,0.0000,0,1,0.0000,-1,OFF,0,0,127,127,0,0,127,127,90,90,1,1,0,0,1,1,64,64,1,1,0,0,1,1,8192,8192,1,1,rameau_en_sib,60
#556,1,(838),0,la3,133248,134193,20,64,0,-1,0,0,0.9450,0.9450,1,0,0,0,0.0000,0.0000,0,1,0.0000,-1,OFF,0,0,127,127,0,0,127,127,90,90,1,1,0,0,1,1,64,64,1,1,0,0,1,1,8192,8192,1,1,rameau_en_sib,60
#557,1,(833),0,re4,133700,134172,20,64,0,-1,0,0,0.4720,0.4720,1,0,0,0,0.0000,0.0000,0,1,0.0000,-1,OFF,0,0,127,127,0,0,127,127,90,90,1,1,0,0,1,1,64,64,1,1,0,0,1,1,8192,8192,1,1,rameau_en_sib,60
#558,1,(839),0,sol3,134180,135114,20,64,0,-1,0,0,0.9340,0.9340,1,0,0,0,0.0000,0.0000,0,1,0.0000,-1,OFF,0,0,127,127,0,0,127,127,90,90,1,1,0,0,1,1,64,64,1,1,0,0,1,1,8192,8192,1,1,rameau_en_sib,60
#559,1,(829),0,sib4,134183,135117,20,64,0,-1,0,0,0.9340,0.9340,1,0,0,0,0.0000,0.0000,0,1,0.0000,-1,OFF,0,0,127,127,0,0,127,127,90,90,1,1,0,0,1,1,64,64,1,1,0,0,1,1,8192,8192,1,1,rameau_en_sib,60
#560,1,(842),0,sol3,134186,135318,20,64,0,-1,0,0,1.1328,1.1328,1,0,0,0,0.0000,0.0000,0,1,0.0000,-1,OFF,0,0,127,127,0,0,127,127,90,90,1,1,0,0,1,1,64,64,1,1,0,0,1,1,8192,8192,1,1,rameau_en_sib,60
#561,1,(835),0,sol4,134638,135100,20,64,0,-1,0,0,0.4620,0.4620,1,0,0,0,0.0000,0.0000,0,1,0.0000,-1,OFF,0,0,127,127,0,0,127,127,90,90,1,1,0,0,1,1,64,64,1,1,0,0,1,1,8192,8192,1,1,rameau_en_sib,60
#562,1,(858),0,re4,135094,136038,20,64,0,-1,0,0,0.9440,0.9440,1,0,0,0,0.0000,0.0000,0,1,0.0000,-1,OFF,0,0,127,127,0,0,127,127,90,90,1,1,0,0,1,1,64,64,1,1,0,0,1,1,8192,8192,1,1,rameau_en_sib,60
#563,1,(845),0,la4,135109,136053,20,64,0,-1,0,0,0.9440,0.9440,1,0,0,0,0.0000,0.0000,0,1,0.0000,-1,OFF,0,0,127,127,0,0,127,127,90,90,1,1,0,0,1,1,64,64,1,1,0,0,1,1,8192,8192,1,1,rameau_en_sib,60
#564,1,(850),0,fa#4,135587,136059,20,64,0,-1,0,0,0.4720,0.4720,1,0,0,0,0.0000,0.0000,0,1,0.0000,-1,OFF,0,0,127,127,0,0,127,127,90,90,1,1,0,0,1,1,64,64,1,1,0,0,1,1,8192,8192,1,1,rameau_en_sib,60
#565,1,(860),0,sib3,136212,137156,20,64,0,-1,0,0,0.9440,0.9440,1,0,0,0,0.0000,0.0000,0,1,0.0000,-1,OFF,0,0,127,127,0,0,127,127,90,90,1,1,0,0,1,1,64,64,1,1,0,0,1,1,8192,8192,1,1,rameau_en_sib,60
#566,1,(847),0,re5,136221,137165,20,64,0,-1,0,0,0.9440,0.9440,1,0,0,0,0.0000,0.0000,0,1,0.0000,-1,OFF,0,0,127,127,0,0,127,127,90,90,1,1,0,0,1,1,64,64,1,1,0,0,1,1,8192,8192,1,1,rameau_en_sib,60
#567,1,(852),0,fa#4,136229,136701,20,64,0,-1,0,0,0.4720,0.4720,1,0,0,0,0.0000,0.0000,0,1,0.0000,-1,OFF,0,0,127,127,0,0,127,127,90,90,1,1,0,0,1,1,64,64,1,1,0,0,1,1,8192,8192,1,1,rameau_en_sib,60
#568,1,(853),0,re4,136700,137172,20,64,0,-1,0,0,0.4720,0.4720,1,0,0,0,0.0000,0.0000,0,1,0.0000,-1,OFF,0,0,127,127,0,0,127,127,90,90,1,1,0,0,1,1,64,64,1,1,0,0,1,1,8192,8192,1,1,rameau_en_sib,60
#569,1,(861),0,do4,137164,138099,20,64,0,-1,0,0,0.9350,0.9350,1,0,0,0,0.0000,0.0000,0,1,0.0000,-1,OFF,0,0,127,127,0,0,127,127,90,90,1,1,0,0,1,1,64,64,1,1,0,0,1,1,8192,8192,1,1,rameau_en_sib,60
#570,1,(854),0,mib4,137643,138116,20,64,0,-1,0,0,0.4730,0.4730,1,0,0,0,0.0000,0.0000,0,1,0.0000,-1,OFF,0,0,127,127,0,0,127,127,90,90,1,1,0,0,1,1,64,64,1,1,0,0,1,1,8192,8192,1,1,rameau_en_sib,60
#571,1,(862),0,la3,138080,139024,20,64,0,-1,0,0,0.9440,0.9440,1,0,0,0,0.0000,0.0000,0,1,0.0000,-1,OFF,0,0,127,127,0,0,127,127,90,90,1,1,0,0,1,1,64,64,1,1,0,0,1,1,8192,8192,1,1,rameau_en_sib,60
#572,1,(855),0,mib4,138097,138569,20,64,0,-1,0,0,0.4720,0.4720,1,0,0,0,0.0000,0.0000,0,1,0.0000,-1,OFF,0,0,127,127,0,0,127,127,90,90,1,1,0,0,1,1,64,64,1,1,0,0,1,1,8192,8192,1,1,rameau_en_sib,60
#573,1,(848),0,do5,138112,139056,20,64,0,-1,0,0,0.9440,0.9440,1,0,0,0,0.0000,0.0000,0,1,0.0000,-1,OFF,0,0,127,127,0,0,127,127,90,90,1,1,0,0,1,1,64,64,1,1,0,0,1,1,8192,8192,1,1,rameau_en_sib,60
#574,1,(856),0,mi4,138586,139058,20,64,0,-1,0,0,0.4720,0.4720,1,0,0,0,0.0000,0.0000,0,1,0.0000,-1,OFF,0,0,127,127,0,0,127,127,90,90,1,1,0,0,1,1,64,64,1,1,0,0,1,1,8192,8192,1,1,rameau_en_sib,60
#575,1,(875),0,re4,139038,139982,20,64,0,-1,0,0,0.9440,0.9440,1,0,0,0,0.0000,0.0000,0,1,0.0000,-1,OFF,0,0,127,127,0,0,127,127,90,90,1,1,0,0,1,1,64,64,1,1,0,0,1,1,8192,8192,1,1,rameau_en_sib,60
#576,1,(872),0,fa#4,139529,140001,20,64,0,-1,0,0,0.4720,0.4720,1,0,0,0,0.0000,0.0000,0,1,0.0000,-1,OFF,0,0,127,127,0,0,127,127,90,90,1,1,0,0,1,1,64,64,1,1,0,0,1,1,8192,8192,1,1,rameau_en_sib,60
#577,1,(877),0,do4,139979,140210,20,64,0,-1,0,0,0.2310,0.2310,1,0,0,0,0.0000,0.0000,0,1,0.0000,-1,OFF,0,0,127,127,0,0,127,127,90,90,1,1,0,0,1,1,64,64,1,1,0,0,1,1,8192,8192,1,1,rameau_en_sib,60
#578,1,(864),0,sib4,139980,141112,20,64,0,-1,0,0,1.1328,1.1328,1,0,0,0,0.0000,0.0000,0,1,0.0000,-1,OFF,0,0,127,127,0,0,127,127,90,90,1,1,0,0,1,1,64,64,1,1,0,0,1,1,8192,8192,1,1,rameau_en_sib,60
#579,1,(879),0,re4,140233,140393,20,64,0,-1,0,0,0.1600,0.1600,1,0,0,0,0.0000,0.0000,0,1,0.0000,-1,OFF,0,0,127,127,0,0,127,127,90,90,1,1,0,0,1,1,64,64,1,1,0,0,1,1,8192,8192,1,1,rameau_en_sib,60
#580,1,(880),0,do4,140364,140525,20,64,0,-1,0,0,0.1610,0.1610,1,0,0,0,0.0000,0.0000,0,1,0.0000,-1,OFF,0,0,127,127,0,0,127,127,90,90,1,1,0,0,1,1,64,64,1,1,0,0,1,1,8192,8192,1,1,rameau_en_sib,60
#581,1,(873),0,sol4,140456,140928,20,64,0,-1,0,0,0.4720,0.4720,1,0,0,0,0.0000,0.0000,0,1,0.0000,-1,OFF,0,0,127,127,0,0,127,127,90,90,1,1,0,0,1,1,64,64,1,1,0,0,1,1,8192,8192,1,1,rameau_en_sib,60
#582,1,(881),0,sib3,140527,140688,20,64,0,-1,0,0,0.1610,0.1610,1,0,0,0,0.0000,0.0000,0,1,0.0000,-1,OFF,0,0,127,127,0,0,127,127,90,90,1,1,0,0,1,1,64,64,1,1,0,0,1,1,8192,8192,1,1,rameau_en_sib,60
#583,1,(882),0,do4,140705,140946,20,64,0,-1,0,0,0.2410,0.2410,1,0,0,0,0.0000,0.0000,0,1,0.0000,-1,OFF,0,0,127,127,0,0,127,127,90,90,1,1,0,0,1,1,64,64,1,1,0,0,1,1,8192,8192,1,1,rameau_en_sib,60
#584,1,(883),0,re4,140943,142811,20,64,0,-1,0,0,1.8680,1.8680,1,0,0,0,0.0000,0.0000,0,1,0.0000,-1,OFF,0,0,127,127,0,0,127,127,90,90,1,1,0,0,1,1,64,64,1,1,0,0,1,1,8192,8192,1,1,rameau_en_sib,60
#585,1,(866),0,sib4,140946,141500,20,64,0,-1,0,0,0.5544,0.5544,1,0,0,0,0.0000,0.0000,0,1,0.0000,-1,OFF,0,0,127,127,0,0,127,127,90,90,1,1,0,0,1,1,64,64,1,1,0,0,1,1,8192,8192,1,1,rameau_en_sib,60
#586,1,(885),0,re4,140948,141882,20,64,0,-1,0,0,0.9340,0.9340,1,0,0,0,0.0000,0.0000,0,1,0.0000,-1,OFF,0,0,127,127,0,0,127,127,90,90,1,1,0,0,1,1,64,64,1,1,0,0,1,1,8192,8192,1,1,rameau_en_sib,60
#587,1,(867),0,la4,141373,142783,20,64,0,-1,0,0,1.4100,1.4100,1,0,0,0,0.0000,0.0000,0,1,0.0000,-1,OFF,0,0,127,127,0,0,127,127,90,90,1,1,0,0,1,1,64,64,1,1,0,0,1,1,8192,8192,1,1,rameau_en_sib,60
#588,1,(886),0,re3,141862,142806,20,64,0,-1,0,0,0.9440,0.9440,1,0,0,0,0.0000,0.0000,0,1,0.0000,-1,OFF,0,0,127,127,0,0,127,127,90,90,1,1,0,0,1,1,64,64,1,1,0,0,1,1,8192,8192,1,1,rameau_en_sib,60
#589,1,(874),0,fa#4,141879,142823,20,64,0,-1,0,0,0.9440,0.9440,1,0,0,0,0.0000,0.0000,0,1,0.0000,-1,OFF,0,0,127,127,0,0,127,127,90,90,1,1,0,0,1,1,64,64,1,1,0,0,1,1,8192,8192,1,1,rameau_en_sib,60
#590,1,(870),0,re5,142577,142854,20,64,0,-1,0,0,0.2772,0.2772,1,0,0,0,0.0000,0.0000,0,1,0.0000,-1,OFF,0,0,127,127,0,0,127,127,90,90,1,1,0,0,1,1,64,64,1,1,0,0,1,1,8192,8192,1,1,rameau_en_sib,60
#591,1,(909),0,sol3,142787,142847,20,64,0,-1,0,0,0.0600,0.0600,1,0,0,0,0.0000,0.0000,0,1,0.0000,-1,OFF,0,0,127,127,0,0,127,127,90,90,1,1,0,0,1,1,64,64,1,1,0,0,1,1,8192,8192,1,1,rameau_en_sib,60
#592,1,(899),0,sol4,142810,143754,20,64,0,-1,0,0,0.9440,0.9440,1,0,0,0,0.0000,0.0000,0,1,0.0000,-1,OFF,0,0,127,127,0,0,127,127,90,90,1,1,0,0,1,1,64,64,1,1,0,0,1,1,8192,8192,1,1,rameau_en_sib,60
#593,1,(918),0,sol3,142815,143066,20,64,0,-1,0,0,0.2510,0.2510,1,0,0,0,0.0000,0.0000,0,1,0.0000,-1,OFF,0,0,127,127,0,0,127,127,90,90,1,1,0,0,1,1,64,64,1,1,0,0,1,1,8192,8192,1,1,rameau_en_sib,60
#594,1,(890),0,do5,142826,142906,20,64,0,-1,0,0,0.0800,0.0800,1,0,0,0,0.0000,0.0000,0,1,0.0000,-1,OFF,0,0,127,127,0,0,127,127,90,90,1,1,0,0,1,1,64,64,1,1,0,0,1,1,8192,8192,1,1,rameau_en_sib,60
#595,1,(891),0,si4,142875,142956,20,64,0,-1,0,0,0.0810,0.0810,1,0,0,0,0.0000,0.0000,0,1,0.0000,-1,OFF,0,0,127,127,0,0,127,127,90,90,1,1,0,0,1,1,64,64,1,1,0,0,1,1,8192,8192,1,1,rameau_en_sib,60
#596,1,(910),0,fa3,142875,142935,20,64,0,-1,0,0,0.0600,0.0600,1,0,0,0,0.0000,0.0000,0,1,0.0000,-1,OFF,0,0,127,127,0,0,127,127,90,90,1,1,0,0,1,1,64,64,1,1,0,0,1,1,8192,8192,1,1,rameau_en_sib,60
#597,1,(912),0,sol3,142921,143755,20,64,0,-1,0,0,0.8340,0.8340,1,0,0,0,0.0000,0.0000,0,1,0.0000,-1,OFF,0,0,127,127,0,0,127,127,90,90,1,1,0,0,1,1,64,64,1,1,0,0,1,1,8192,8192,1,1,rameau_en_sib,60
#598,1,(892),0,do5,142967,143047,20,64,0,-1,0,0,0.0800,0.0800,1,0,0,0,0.0000,0.0000,0,1,0.0000,-1,OFF,0,0,127,127,0,0,127,127,90,90,1,1,0,0,1,1,64,64,1,1,0,0,1,1,8192,8192,1,1,rameau_en_sib,60
#599,1,(894),0,si4,143063,143776,20,64,0,-1,0,0,0.7130,0.7130,1,0,0,0,0.0000,0.0000,0,1,0.0000,-1,OFF,0,0,127,127,0,0,127,127,90,90,1,1,0,0,1,1,64,64,1,1,0,0,1,1,8192,8192,1,1,rameau_en_sib,60
#600,1,(896),0,sol4,143886,144830,20,64,0,-1,0,0,0.9440,0.9440,1,0,0,0,0.0000,0.0000,0,1,0.0000,-1,OFF,0,0,127,127,0,0,127,127,90,90,1,1,0,0,1,1,64,64,1,1,0,0,1,1,8192,8192,1,1,rameau_en_sib,60
#601,1,(914),0,mib3,143902,144846,20,64,0,-1,0,0,0.9440,0.9440,1,0,0,0,0.0000,0.0000,0,1,0.0000,-1,OFF,0,0,127,127,0,0,127,127,90,90,1,1,0,0,1,1,64,64,1,1,0,0,1,1,8192,8192,1,1,rameau_en_sib,60
#602,1,(903),0,mib4,144358,144830,20,64,0,-1,0,0,0.4720,0.4720,1,0,0,0,0.0000,0.0000,0,1,0.0000,-1,OFF,0,0,127,127,0,0,127,127,90,90,1,1,0,0,1,1,64,64,1,1,0,0,1,1,8192,8192,1,1,rameau_en_sib,60
#603,1,(915),0,sib2,144855,145799,20,64,0,-1,0,0,0.9440,0.9440,1,0,0,0,0.0000,0.0000,0,1,0.0000,-1,OFF,0,0,127,127,0,0,127,127,90,90,1,1,0,0,1,1,64,64,1,1,0,0,1,1,8192,8192,1,1,rameau_en_sib,60
#604,1,(897),0,fa4,144857,145801,20,64,0,-1,0,0,0.9440,0.9440,1,0,0,0,0.0000,0.0000,0,1,0.0000,-1,OFF,0,0,127,127,0,0,127,127,90,90,1,1,0,0,1,1,64,64,1,1,0,0,1,1,8192,8192,1,1,rameau_en_sib,60
#605,1,(904),0,re4,145313,145785,20,64,0,-1,0,0,0.4720,0.4720,1,0,0,0,0.0000,0.0000,0,1,0.0000,-1,OFF,0,0,127,127,0,0,127,127,90,90,1,1,0,0,1,1,64,64,1,1,0,0,1,1,8192,8192,1,1,rameau_en_sib,60
#606,1,(898),0,sol4,145799,146743,20,64,0,-1,0,0,0.9440,0.9440,1,0,0,0,0.0000,0.0000,0,1,0.0000,-1,OFF,0,0,127,127,0,0,127,127,90,90,1,1,0,0,1,1,64,64,1,1,0,0,1,1,8192,8192,1,1,rameau_en_sib,60
#607,1,(916),0,mib3,145805,146749,20,64,0,-1,0,0,0.9440,0.9440,1,0,0,0,0.0000,0.0000,0,1,0.0000,-1,OFF,0,0,127,127,0,0,127,127,90,90,1,1,0,0,1,1,64,64,1,1,0,0,1,1,8192,8192,1,1,rameau_en_sib,60
#608,1,(906),0,fa4,146251,146723,20,64,0,-1,0,0,0.4720,0.4720,1,0,0,0,0.0000,0.0000,0,1,0.0000,-1,OFF,0,0,127,127,0,0,127,127,90,90,1,1,0,0,1,1,64,64,1,1,0,0,1,1,8192,8192,1,1,rameau_en_sib,60
#609,1,(931),0,mib4,146725,147197,20,64,0,-1,0,0,0.4720,0.4720,1,0,0,0,0.0000,0.0000,0,1,0.0000,-1,OFF,0,0,127,127,0,0,127,127,90,90,1,1,0,0,1,1,64,64,1,1,0,0,1,1,8192,8192,1,1,rameau_en_sib,60
#610,1,(936),0,lab2,146750,147684,20,64,0,-1,0,0,0.9340,0.9340,1,0,0,0,0.0000,0.0000,0,1,0.0000,-1,OFF,0,0,127,127,0,0,127,127,90,90,1,1,0,0,1,1,64,64,1,1,0,0,1,1,8192,8192,1,1,rameau_en_sib,60
#611,1,(932),0,re4,147196,147658,20,64,0,-1,0,0,0.4620,0.4620,1,0,0,0,0.0000,0.0000,0,1,0.0000,-1,OFF,0,0,127,127,0,0,127,127,90,90,1,1,0,0,1,1,64,64,1,1,0,0,1,1,8192,8192,1,1,rameau_en_sib,60
#612,1,(921),0,sol4,147656,148600,20,64,0,-1,0,0,0.9440,0.9440,1,0,0,0,0.0000,0.0000,0,1,0.0000,-1,OFF,0,0,127,127,0,0,127,127,90,90,1,1,0,0,1,1,64,64,1,1,0,0,1,1,8192,8192,1,1,rameau_en_sib,60
#613,1,(937),0,sol2,147681,148625,20,64,0,-1,0,0,0.9440,0.9440,1,0,0,0,0.0000,0.0000,0,1,0.0000,-1,OFF,0,0,127,127,0,0,127,127,90,90,1,1,0,0,1,1,64,64,1,1,0,0,1,1,8192,8192,1,1,rameau_en_sib,60
#614,1,(934),0,mib4,148124,148596,20,64,0,-1,0,0,0.4720,0.4720,1,0,0,0,0.0000,0.0000,0,1,0.0000,-1,OFF,0,0,127,127,0,0,127,127,90,90,1,1,0,0,1,1,64,64,1,1,0,0,1,1,8192,8192,1,1,rameau_en_sib,60
#615,1,(938),0,fa2,148598,149542,20,64,0,-1,0,0,0.9440,0.9440,1,0,0,0,0.0000,0.0000,0,1,0.0000,-1,OFF,0,0,127,127,0,0,127,127,90,90,1,1,0,0,1,1,64,64,1,1,0,0,1,1,8192,8192,1,1,rameau_en_sib,60
#616,1,(923),0,lab4,149076,149548,20,64,0,-1,0,0,0.4720,0.4720,1,0,0,0,0.0000,0.0000,0,1,0.0000,-1,OFF,0,0,127,127,0,0,127,127,90,90,1,1,0,0,1,1,64,64,1,1,0,0,1,1,8192,8192,1,1,rameau_en_sib,60
#617,1,(939),0,sib2,149538,150482,20,64,0,-1,0,0,0.9440,0.9440,1,0,0,0,0.0000,0.0000,0,1,0.0000,-1,OFF,0,0,127,127,0,0,127,127,90,90,1,1,0,0,1,1,64,64,1,1,0,0,1,1,8192,8192,1,1,rameau_en_sib,60
#618,1,(935),0,re4,149549,150493,20,64,0,-1,0,0,0.9440,0.9440,1,0,0,0,0.0000,0.0000,0,1,0.0000,-1,OFF,0,0,127,127,0,0,127,127,90,90,1,1,0,0,1,1,64,64,1,1,0,0,1,1,8192,8192,1,1,rameau_en_sib,60
#619,1,(925),0,sol4,149554,149634,20,64,0,-1,0,0,0.0800,0.0800,1,0,0,0,0.0000,0.0000,0,1,0.0000,-1,OFF,0,0,127,127,0,0,127,127,90,90,1,1,0,0,1,1,64,64,1,1,0,0,1,1,8192,8192,1,1,rameau_en_sib,60
#620,1,(926),0,fa4,149631,149712,20,64,0,-1,0,0,0.0810,0.0810,1,0,0,0,0.0000,0.0000,0,1,0.0000,-1,OFF,0,0,127,127,0,0,127,127,90,90,1,1,0,0,1,1,64,64,1,1,0,0,1,1,8192,8192,1,1,rameau_en_sib,60
#621,1,(927),0,sol4,149732,149802,20,64,0,-1,0,0,0.0700,0.0700,1,0,0,0,0.0000,0.0000,0,1,0.0000,-1,OFF,0,0,127,127,0,0,127,127,90,90,1,1,0,0,1,1,64,64,1,1,0,0,1,1,8192,8192,1,1,rameau_en_sib,60
#622,1,(929),0,fa4,149787,150500,20,64,0,-1,0,0,0.7130,0.7130,1,0,0,0,0.0000,0.0000,0,1,0.0000,-1,OFF,0,0,127,127,0,0,127,127,90,90,1,1,0,0,1,1,64,64,1,1,0,0,1,1,8192,8192,1,1,rameau_en_sib,60
#623,1,(941),0,sol4,150487,151421,20,64,0,-1,0,0,0.9340,0.9340,1,0,0,0,0.0000,0.0000,0,1,0.0000,-1,OFF,0,0,127,127,0,0,127,127,90,90,1,1,0,0,1,1,64,64,1,1,0,0,1,1,8192,8192,1,1,rameau_en_sib,60
#624,1,(946),0,mib4,150491,151425,20,64,0,-1,0,0,0.9340,0.9340,1,0,0,0,0.0000,0.0000,0,1,0.0000,-1,OFF,0,0,127,127,0,0,127,127,90,90,1,1,0,0,1,1,64,64,1,1,0,0,1,1,8192,8192,1,1,rameau_en_sib,60
#625,1,(954),0,mib2,150493,151427,20,64,0,-1,0,0,0.9340,0.9340,1,0,0,0,0.0000,0.0000,0,1,0.0000,-1,OFF,0,0,127,127,0,0,127,127,90,90,1,1,0,0,1,1,64,64,1,1,0,0,1,1,8192,8192,1,1,rameau_en_sib,60
#626,1,(956),0,mib3,151583,152527,20,64,0,-1,0,0,0.9440,0.9440,1,0,0,0,0.0000,0.0000,0,1,0.0000,-1,OFF,0,0,127,127,0,0,127,127,90,90,1,1,0,0,1,1,64,64,1,1,0,0,1,1,8192,8192,1,1,rameau_en_sib,60
#627,1,(944),0,mib5,151584,153472,20,64,0,-1,0,0,1.8880,1.8880,1,0,0,0,0.0000,0.0000,0,1,0.0000,-1,OFF,0,0,127,127,0,0,127,127,90,90,1,1,0,0,1,1,64,64,1,1,0,0,1,1,8192,8192,1,1,rameau_en_sib,60
#628,1,(950),0,sol4,152052,152524,20,64,0,-1,0,0,0.4720,0.4720,1,0,0,0,0.0000,0.0000,0,1,0.0000,-1,OFF,0,0,127,127,0,0,127,127,90,90,1,1,0,0,1,1,64,64,1,1,0,0,1,1,8192,8192,1,1,rameau_en_sib,60
#629,1,(960),0,sib3,152526,153470,20,64,0,-1,0,0,0.9440,0.9440,1,0,0,0,0.0000,0.0000,0,1,0.0000,-1,OFF,0,0,127,127,0,0,127,127,90,90,1,1,0,0,1,1,64,64,1,1,0,0,1,1,8192,8192,1,1,rameau_en_sib,60
#630,1,(957),0,sib3,152539,154417,20,64,0,-1,0,0,1.8780,1.8780,1,0,0,0,0.0000,0.0000,0,1,0.0000,-1,OFF,0,0,127,127,0,0,127,127,90,90,1,1,0,0,1,1,64,64,1,1,0,0,1,1,8192,8192,1,1,rameau_en_sib,60
#631,1,(951),0,fa4,153026,153498,20,64,0,-1,0,0,0.4720,0.4720,1,0,0,0,0.0000,0.0000,0,1,0.0000,-1,OFF,0,0,127,127,0,0,127,127,90,90,1,1,0,0,1,1,64,64,1,1,0,0,1,1,8192,8192,1,1,rameau_en_sib,60
#632,1,(945),0,reb5,153482,154416,20,64,0,-1,0,0,0.9340,0.9340,1,0,0,0,0.0000,0.0000,0,1,0.0000,-1,OFF,0,0,127,127,0,0,127,127,90,90,1,1,0,0,1,1,64,64,1,1,0,0,1,1,8192,8192,1,1,rameau_en_sib,60
#633,1,(961),0,sib2,153500,154434,20,64,0,-1,0,0,0.9340,0.9340,1,0,0,0,0.0000,0.0000,0,1,0.0000,-1,OFF,0,0,127,127,0,0,127,127,90,90,1,1,0,0,1,1,64,64,1,1,0,0,1,1,8192,8192,1,1,rameau_en_sib,60
#634,1,(952),0,sib4,153940,154412,20,64,0,-1,0,0,0.4720,0.4720,1,0,0,0,0.0000,0.0000,0,1,0.0000,-1,OFF,0,0,127,127,0,0,127,127,90,90,1,1,0,0,1,1,64,64,1,1,0,0,1,1,8192,8192,1,1,rameau_en_sib,60
#635,1,(972),0,fa3,154403,155347,20,64,0,-1,0,0,0.9440,0.9440,1,0,0,0,0.0000,0.0000,0,1,0.0000,-1,OFF,0,0,127,127,0,0,127,127,90,90,1,1,0,0,1,1,64,64,1,1,0,0,1,1,8192,8192,1,1,rameau_en_sib,60
#636,1,(975),0,fa3,154417,155361,20,64,0,-1,0,0,0.9440,0.9440,1,0,0,0,0.0000,0.0000,0,1,0.0000,-1,OFF,0,0,127,127,0,0,127,127,90,90,1,1,0,0,1,1,64,64,1,1,0,0,1,1,8192,8192,1,1,rameau_en_sib,60
#637,1,(963),0,do5,154429,155373,20,64,0,-1,0,0,0.9440,0.9440,1,0,0,0,0.0000,0.0000,0,1,0.0000,-1,OFF,0,0,127,127,0,0,127,127,90,90,1,1,0,0,1,1,64,64,1,1,0,0,1,1,8192,8192,1,1,rameau_en_sib,60
#638,1,(968),0,la4,154891,155363,20,64,0,-1,0,0,0.4720,0.4720,1,0,0,0,0.0000,0.0000,0,1,0.0000,-1,OFF,0,0,127,127,0,0,127,127,90,90,1,1,0,0,1,1,64,64,1,1,0,0,1,1,8192,8192,1,1,rameau_en_sib,60
#639,1,(976),0,fa2,155374,156318,20,64,0,-1,0,0,0.9440,0.9440,1,0,0,0,0.0000,0.0000,0,1,0.0000,-1,OFF,0,0,127,127,0,0,127,127,90,90,1,1,0,0,1,1,64,64,1,1,0,0,1,1,8192,8192,1,1,rameau_en_sib,60
#640,1,(965),0,fa5,155377,157265,20,64,0,-1,0,0,1.8880,1.8880,1,0,0,0,0.0000,0.0000,0,1,0.0000,-1,OFF,0,0,127,127,0,0,127,127,90,90,1,1,0,0,1,1,64,64,1,1,0,0,1,1,8192,8192,1,1,rameau_en_sib,60
#641,1,(969),0,lab4,155848,156320,20,64,0,-1,0,0,0.4720,0.4720,1,0,0,0,0.0000,0.0000,0,1,0.0000,-1,OFF,0,0,127,127,0,0,127,127,90,90,1,1,0,0,1,1,64,64,1,1,0,0,1,1,8192,8192,1,1,rameau_en_sib,60
#642,1,(973),0,do3,156288,157232,20,64,0,-1,0,0,0.9440,0.9440,1,0,0,0,0.0000,0.0000,0,1,0.0000,-1,OFF,0,0,127,127,0,0,127,127,90,90,1,1,0,0,1,1,64,64,1,1,0,0,1,1,8192,8192,1,1,rameau_en_sib,60
#643,1,(977),0,do3,156320,158198,20,64,0,-1,0,0,1.8780,1.8780,1,0,0,0,0.0000,0.0000,0,1,0.0000,-1,OFF,0,0,127,127,0,0,127,127,90,90,1,1,0,0,1,1,64,64,1,1,0,0,1,1,8192,8192,1,1,rameau_en_sib,60
#644,1,(970),0,sol4,156757,157229,20,64,0,-1,0,0,0.4720,0.4720,1,0,0,0,0.0000,0.0000,0,1,0.0000,-1,OFF,0,0,127,127,0,0,127,127,90,90,1,1,0,0,1,1,64,64,1,1,0,0,1,1,8192,8192,1,1,rameau_en_sib,60
#645,1,(966),0,mib5,157233,158167,20,64,0,-1,0,0,0.9340,0.9340,1,0,0,0,0.0000,0.0000,0,1,0.0000,-1,OFF,0,0,127,127,0,0,127,127,90,90,1,1,0,0,1,1,64,64,1,1,0,0,1,1,8192,8192,1,1,rameau_en_sib,60
#646,1,(974),0,do4,157245,158179,20,64,0,-1,0,0,0.9340,0.9340,1,0,0,0,0.0000,0.0000,0,1,0.0000,-1,OFF,0,0,127,127,0,0,127,127,90,90,1,1,0,0,1,1,64,64,1,1,0,0,1,1,8192,8192,1,1,rameau_en_sib,60
#647,1,(971),0,do5,157699,158674,20,64,0,-1,0,0,0.9750,0.9750,1,0,0,0,0.0000,0.0000,0,1,0.0000,-1,OFF,0,0,127,127,0,0,127,127,90,90,1,1,0,0,1,1,64,64,1,1,0,0,1,1,8192,8192,1,1,rameau_en_sib,60
#648,1,(992),0,sol3,158166,159171,20,64,0,-1,0,0,1.0050,1.0050,1,0,0,0,0.0000,0.0000,0,1,0.0000,-1,OFF,0,0,127,127,0,0,127,127,90,90,1,1,0,0,1,1,64,64,1,1,0,0,1,1,8192,8192,1,1,rameau_en_sib,60
#649,1,(979),0,re5,158173,159178,20,64,0,-1,0,0,1.0050,1.0050,1,0,0,0,0.0000,0.0000,0,1,0.0000,-1,OFF,0,0,127,127,0,0,127,127,90,90,1,1,0,0,1,1,64,64,1,1,0,0,1,1,8192,8192,1,1,rameau_en_sib,60
#650,1,(985),0,si4,158673,159175,20,64,0,-1,0,0,0.5020,0.5020,1,0,0,0,0.0000,0.0000,0,1,0.0000,-1,OFF,0,0,127,127,0,0,127,127,90,90,1,1,0,0,1,1,64,64,1,1,0,0,1,1,8192,8192,1,1,rameau_en_sib,60
#651,1,(994),0,sol4,159357,160362,20,64,0,-1,0,0,1.0050,1.0050,1,0,0,0,0.0000,0.0000,0,1,0.0000,-1,OFF,0,0,127,127,0,0,127,127,90,90,1,1,0,0,1,1,64,64,1,1,0,0,1,1,8192,8192,1,1,rameau_en_sib,60
#652,1,(982),0,sol5,159366,161375,20,64,0,-1,0,0,2.0090,2.0090,1,0,0,0,0.0000,0.0000,0,1,0.0000,-1,OFF,0,0,127,127,0,0,127,127,90,90,1,1,0,0,1,1,64,64,1,1,0,0,1,1,8192,8192,1,1,rameau_en_sib,60
#653,1,(988),0,si4,159854,160356,20,64,0,-1,0,0,0.5020,0.5020,1,0,0,0,0.0000,0.0000,0,1,0.0000,-1,OFF,0,0,127,127,0,0,127,127,90,90,1,1,0,0,1,1,64,64,1,1,0,0,1,1,8192,8192,1,1,rameau_en_sib,60
#654,1,(996),0,lab4,160368,160428,20,64,0,-1,0,0,0.0600,0.0600,1,0,0,0,0.0000,0.0000,0,1,0.0000,-1,OFF,0,0,127,127,0,0,127,127,90,90,1,1,0,0,1,1,64,64,1,1,0,0,1,1,8192,8192,1,1,rameau_en_sib,60
#655,1,(997),0,sol4,160409,160479,20,64,0,-1,0,0,0.0700,0.0700,1,0,0,0,0.0000,0.0000,0,1,0.0000,-1,OFF,0,0,127,127,0,0,127,127,90,90,1,1,0,0,1,1,64,64,1,1,0,0,1,1,8192,8192,1,1,rameau_en_sib,60
#656,1,(999),0,lab4,160483,161367,20,64,0,-1,0,0,0.8840,0.8840,1,0,0,0,0.0000,0.0000,0,1,0.0000,-1,OFF,0,0,127,127,0,0,127,127,90,90,1,1,0,0,1,1,64,64,1,1,0,0,1,1,8192,8192,1,1,rameau_en_sib,60
#657,1,(989),0,do5,160848,161852,20,64,0,-1,0,0,1.0040,1.0040,1,0,0,0,0.0000,0.0000,0,1,0.0000,-1,OFF,0,0,127,127,0,0,127,127,90,90,1,1,0,0,1,1,64,64,1,1,0,0,1,1,8192,8192,1,1,rameau_en_sib,60
#658,1,(983),0,fa5,161348,162352,20,64,0,-1,0,0,1.0040,1.0040,1,0,0,0,0.0000,0.0000,0,1,0.0000,-1,OFF,0,0,127,127,0,0,127,127,90,90,1,1,0,0,1,1,64,64,1,1,0,0,1,1,8192,8192,1,1,rameau_en_sib,60
#659,1,(1000),0,la4,161386,162590,20,64,0,-1,0,0,1.2048,1.2048,1,0,0,0,0.0000,0.0000,0,1,0.0000,-1,OFF,0,0,127,127,0,0,127,127,90,90,1,1,0,0,1,1,64,64,1,1,0,0,1,1,8192,8192,1,1,rameau_en_sib,60
#660,1,(990),0,do5,161871,162373,20,64,0,-1,0,0,0.5020,0.5020,1,0,0,0,0.0000,0.0000,0,1,0.0000,-1,OFF,0,0,127,127,0,0,127,127,90,90,1,1,0,0,1,1,64,64,1,1,0,0,1,1,8192,8192,1,1,rameau_en_sib,60
#661,1,(1013),0,fa5,162363,163368,20,64,0,-1,0,0,1.0050,1.0050,1,0,0,0,0.0000,0.0000,0,1,0.0000,-1,OFF,0,0,127,127,0,0,127,127,90,90,1,1,0,0,1,1,64,64,1,1,0,0,1,1,8192,8192,1,1,rameau_en_sib,60
#662,1,(1021),0,si4,162380,162441,20,64,0,-1,0,0,0.0610,0.0610,1,0,0,0,0.0000,0.0000,0,1,0.0000,-1,OFF,0,0,127,127,0,0,127,127,90,90,1,1,0,0,1,1,64,64,1,1,0,0,1,1,8192,8192,1,1,rameau_en_sib,60
#663,1,(1022),0,la4,162426,162496,20,64,0,-1,0,0,0.0700,0.0700,1,0,0,0,0.0000,0.0000,0,1,0.0000,-1,OFF,0,0,127,127,0,0,127,127,90,90,1,1,0,0,1,1,64,64,1,1,0,0,1,1,8192,8192,1,1,rameau_en_sib,60
#664,1,(1024),0,si4,162511,163395,20,64,0,-1,0,0,0.8840,0.8840,1,0,0,0,0.0000,0.0000,0,1,0.0000,-1,OFF,0,0,127,127,0,0,127,127,90,90,1,1,0,0,1,1,64,64,1,1,0,0,1,1,8192,8192,1,1,rameau_en_sib,60
#665,1,(1003),0,re5,162868,163370,20,64,0,-1,0,0,0.5020,0.5020,1,0,0,0,0.0000,0.0000,0,1,0.0000,-1,OFF,0,0,127,127,0,0,127,127,90,90,1,1,0,0,1,1,64,64,1,1,0,0,1,1,8192,8192,1,1,rameau_en_sib,60
#666,1,(1014),0,mib5,163363,164367,20,64,0,-1,0,0,1.0040,1.0040,1,0,0,0,0.0000,0.0000,0,1,0.0000,-1,OFF,0,0,127,127,0,0,127,127,90,90,1,1,0,0,1,1,64,64,1,1,0,0,1,1,8192,8192,1,1,rameau_en_sib,60
#667,1,(1025),0,do5,163373,164377,20,64,0,-1,0,0,1.0040,1.0040,1,0,0,0,0.0000,0.0000,0,1,0.0000,-1,OFF,0,0,127,127,0,0,127,127,90,90,1,1,0,0,1,1,64,64,1,1,0,0,1,1,8192,8192,1,1,rameau_en_sib,60
#668,1,(1004),0,do5,163882,164484,20,64,0,-1,0,0,0.6024,0.6024,1,0,0,0,0.0000,0.0000,0,1,0.0000,-1,OFF,0,0,127,127,0,0,127,127,90,90,1,1,0,0,1,1,64,64,1,1,0,0,1,1,8192,8192,1,1,rameau_en_sib,60
#669,1,(1005),0,do5,164362,165366,20,64,0,-1,0,0,1.0040,1.0040,1,0,0,0,0.0000,0.0000,0,1,0.0000,-1,OFF,0,0,127,127,0,0,127,127,90,90,1,1,0,0,1,1,64,64,1,1,0,0,1,1,8192,8192,1,1,rameau_en_sib,60
#670,1,(1026),0,fa4,164365,165369,20,64,0,-1,0,0,1.0040,1.0040,1,0,0,0,0.0000,0.0000,0,1,0.0000,-1,OFF,0,0,127,127,0,0,127,127,90,90,1,1,0,0,1,1,64,64,1,1,0,0,1,1,8192,8192,1,1,rameau_en_sib,60
#671,1,(1016),0,mib5,164392,164549,20,64,0,-1,0,0,0.1572,0.1572,1,0,0,0,0.0000,0.0000,0,1,0.0000,-1,OFF,0,0,127,127,0,0,127,127,90,90,1,1,0,0,1,1,64,64,1,1,0,0,1,1,8192,8192,1,1,rameau_en_sib,60
#672,1,(1018),0,re5,164526,165410,20,64,0,-1,0,0,0.8840,0.8840,1,0,0,0,0.0000,0.0000,0,1,0.0000,-1,OFF,0,0,127,127,0,0,127,127,90,90,1,1,0,0,1,1,64,64,1,1,0,0,1,1,8192,8192,1,1,rameau_en_sib,60
#673,1,(1007),0,si4,165379,165631,20,64,0,-1,0,0,0.2520,0.2520,1,0,0,0,0.0000,0.0000,0,1,0.0000,-1,OFF,0,0,127,127,0,0,127,127,90,90,1,1,0,0,1,1,64,64,1,1,0,0,1,1,8192,8192,1,1,rameau_en_sib,60
#674,1,(1027),0,sol4,165399,166404,20,64,0,-1,0,0,1.0050,1.0050,1,0,0,0,0.0000,0.0000,0,1,0.0000,-1,OFF,0,0,127,127,0,0,127,127,90,90,1,1,0,0,1,1,64,64,1,1,0,0,1,1,8192,8192,1,1,rameau_en_sib,60
#675,1,(1009),0,do5,165631,165801,20,64,0,-1,0,0,0.1700,0.1700,1,0,0,0,0.0000,0.0000,0,1,0.0000,-1,OFF,0,0,127,127,0,0,127,127,90,90,1,1,0,0,1,1,64,64,1,1,0,0,1,1,8192,8192,1,1,rameau_en_sib,60
#676,1,(1010),0,si4,165791,165952,20,64,0,-1,0,0,0.1610,0.1610,1,0,0,0,0.0000,0.0000,0,1,0.0000,-1,OFF,0,0,127,127,0,0,127,127,90,90,1,1,0,0,1,1,64,64,1,1,0,0,1,1,8192,8192,1,1,rameau_en_sib,60
#677,1,(1011),0,la4,165986,166157,20,64,0,-1,0,0,0.1710,0.1710,1,0,0,0,0.0000,0.0000,0,1,0.0000,-1,OFF,0,0,127,127,0,0,127,127,90,90,1,1,0,0,1,1,64,64,1,1,0,0,1,1,8192,8192,1,1,rameau_en_sib,60
#678,1,(1012),0,si4,166156,166407,20,64,0,-1,0,0,0.2510,0.2510,1,0,0,0,0.0000,0.0000,0,1,0.0000,-1,OFF,0,0,127,127,0,0,127,127,90,90,1,1,0,0,1,1,64,64,1,1,0,0,1,1,8192,8192,1,1,rameau_en_sib,60
#679,1,(1036),0,mib4,166379,167494,20,64,0,-1,0,0,1.1150,1.1150,1,0,0,0,0.0000,0.0000,0,1,0.0000,-1,OFF,0,0,127,127,0,0,127,127,90,90,1,1,0,0,1,1,64,64,1,1,0,0,1,1,8192,8192,1,1,rameau_en_sib,60
#680,1,(1029),0,sol4,166387,167492,20,64,0,-1,0,0,1.1050,1.1050,1,0,0,0,0.0000,0.0000,0,1,0.0000,-1,OFF,0,0,127,127,0,0,127,127,90,90,1,1,0,0,1,1,64,64,1,1,0,0,1,1,8192,8192,1,1,rameau_en_sib,60
#681,1,(1043),0,do4,166401,167516,20,64,0,-1,0,0,1.1150,1.1150,1,0,0,0,0.0000,0.0000,0,1,0.0000,-1,OFF,0,0,127,127,0,0,127,127,90,90,1,1,0,0,1,1,64,64,1,1,0,0,1,1,8192,8192,1,1,rameau_en_sib,60
#682,1,(1030),0,do5,166407,167522,20,64,0,-1,0,0,1.1150,1.1150,1,0,0,0,0.0000,0.0000,0,1,0.0000,-1,OFF,0,0,127,127,0,0,127,127,90,90,1,1,0,0,1,1,64,64,1,1,0,0,1,1,8192,8192,1,1,rameau_en_sib,60
#683,1,(1031),0,mib4,167499,168603,20,64,0,-1,0,0,1.1040,1.1040,1,0,0,0,0.0000,0.0000,0,1,0.0000,-1,OFF,0,0,127,127,0,0,127,127,90,90,1,1,0,0,1,1,64,64,1,1,0,0,1,1,8192,8192,1,1,rameau_en_sib,60
#684,1,(1044),0,do3,167515,168629,20,64,0,-1,0,0,1.1140,1.1140,1,0,0,0,0.0000,0.0000,0,1,0.0000,-1,OFF,0,0,127,127,0,0,127,127,90,90,1,1,0,0,1,1,64,64,1,1,0,0,1,1,8192,8192,1,1,rameau_en_sib,60
#685,1,(1039),0,do4,168064,169169,20,64,0,-1,0,0,1.1050,1.1050,1,0,0,0,0.0000,0.0000,0,1,0.0000,-1,OFF,0,0,127,127,0,0,127,127,90,90,1,1,0,0,1,1,64,64,1,1,0,0,1,1,8192,8192,1,1,rameau_en_sib,60
#686,1,(1033),0,re4,168594,169147,20,64,0,-1,0,0,0.5530,0.5530,1,0,0,0,0.0000,0.0000,0,1,0.0000,-1,OFF,0,0,127,127,0,0,127,127,90,90,1,1,0,0,1,1,64,64,1,1,0,0,1,1,8192,8192,1,1,rameau_en_sib,60
#687,1,(1045),0,sol2,168619,169734,20,64,0,-1,0,0,1.1150,1.1150,1,0,0,0,0.0000,0.0000,0,1,0.0000,-1,OFF,0,0,127,127,0,0,127,127,90,90,1,1,0,0,1,1,64,64,1,1,0,0,1,1,8192,8192,1,1,rameau_en_sib,60
#688,1,(1040),0,si3,169178,169730,20,64,0,-1,0,0,0.5520,0.5520,1,0,0,0,0.0000,0.0000,0,1,0.0000,-1,OFF,0,0,127,127,0,0,127,127,90,90,1,1,0,0,1,1,64,64,1,1,0,0,1,1,8192,8192,1,1,rameau_en_sib,60
#689,1,(1035),0,mib4,169721,170866,20,64,0,-1,0,0,1.1450,1.1450,1,0,0,0,0.0000,0.0000,0,1,0.0000,-1,OFF,0,0,127,127,0,0,127,127,90,90,1,1,0,0,1,1,64,64,1,1,0,0,1,1,8192,8192,1,1,rameau_en_sib,60
#690,1,(1046),0,do3,169728,170843,20,64,0,-1,0,0,1.1150,1.1150,1,0,0,0,0.0000,0.0000,0,1,0.0000,-1,OFF,0,0,127,127,0,0,127,127,90,90,1,1,0,0,1,1,64,64,1,1,0,0,1,1,8192,8192,1,1,rameau_en_sib,60
#691,1,(1042),0,do4,170310,171455,20,64,0,-1,0,0,1.1450,1.1450,1,0,0,0,0.0000,0.0000,0,1,0.0000,-1,OFF,0,0,127,127,0,0,127,127,90,90,1,1,0,0,1,1,64,64,1,1,0,0,1,1,8192,8192,1,1,rameau_en_sib,60
#692,1,(1065),0,fa2,170856,172061,20,64,0,-1,0,0,1.2050,1.2050,1,0,0,0,0.0000,0.0000,0,1,0.0000,-1,OFF,0,0,127,127,0,0,127,127,90,90,1,1,0,0,1,1,64,64,1,1,0,0,1,1,8192,8192,1,1,rameau_en_sib,60
#693,1,(1048),0,re4,170857,172062,20,64,0,-1,0,0,1.2050,1.2050,1,0,0,0,0.0000,0.0000,0,1,0.0000,-1,OFF,0,0,127,127,0,0,127,127,90,90,1,1,0,0,1,1,64,64,1,1,0,0,1,1,8192,8192,1,1,rameau_en_sib,60
#694,1,(1061),0,si3,171466,172068,20,64,0,-1,0,0,0.6020,0.6020,1,0,0,0,0.0000,0.0000,0,1,0.0000,-1,OFF,0,0,127,127,0,0,127,127,90,90,1,1,0,0,1,1,64,64,1,1,0,0,1,1,8192,8192,1,1,rameau_en_sib,60
#695,1,(1066),0,mib2,172034,173240,20,64,0,-1,0,0,1.2060,1.2060,1,0,0,0,0.0000,0.0000,0,1,0.0000,-1,OFF,0,0,127,127,0,0,127,127,90,90,1,1,0,0,1,1,64,64,1,1,0,0,1,1,8192,8192,1,1,rameau_en_sib,60
#696,1,(1049),0,sol4,172038,173244,20,64,0,-1,0,0,1.2060,1.2060,1,0,0,0,0.0000,0.0000,0,1,0.0000,-1,OFF,0,0,127,127,0,0,127,127,90,90,1,1,0,0,1,1,64,64,1,1,0,0,1,1,8192,8192,1,1,rameau_en_sib,60
#697,1,(1063),0,do4,172656,173259,20,64,0,-1,0,0,0.6030,0.6030,1,0,0,0,0.0000,0.0000,0,1,0.0000,-1,OFF,0,0,127,127,0,0,127,127,90,90,1,1,0,0,1,1,64,64,1,1,0,0,1,1,8192,8192,1,1,rameau_en_sib,60
#698,1,(1051),0,sol4,173253,173855,20,64,0,-1,0,0,0.6020,0.6020,1,0,0,0,0.0000,0.0000,0,1,0.0000,-1,OFF,0,0,127,127,0,0,127,127,90,90,1,1,0,0,1,1,64,64,1,1,0,0,1,1,8192,8192,1,1,rameau_en_sib,60
#699,1,(1067),0,fa2,173270,174475,20,64,0,-1,0,0,1.2050,1.2050,1,0,0,0,0.0000,0.0000,0,1,0.0000,-1,OFF,0,0,127,127,0,0,127,127,90,90,1,1,0,0,1,1,64,64,1,1,0,0,1,1,8192,8192,1,1,rameau_en_sib,60
#700,1,(1052),0,fa4,173846,174569,20,64,0,-1,0,0,0.7236,0.7236,1,0,0,0,0.0000,0.0000,0,1,0.0000,-1,OFF,0,0,127,127,0,0,127,127,90,90,1,1,0,0,1,1,64,64,1,1,0,0,1,1,8192,8192,1,1,rameau_en_sib,60
#701,1,(1064),0,si3,174456,175661,20,64,0,-1,0,0,1.2050,1.2050,1,0,0,0,0.0000,0.0000,0,1,0.0000,-1,OFF,0,0,127,127,0,0,127,127,90,90,1,1,0,0,1,1,64,64,1,1,0,0,1,1,8192,8192,1,1,rameau_en_sib,60
#702,1,(1068),0,sol2,174464,175669,20,64,0,-1,0,0,1.2050,1.2050,1,0,0,0,0.0000,0.0000,0,1,0.0000,-1,OFF,0,0,127,127,0,0,127,127,90,90,1,1,0,0,1,1,64,64,1,1,0,0,1,1,8192,8192,1,1,rameau_en_sib,60
#703,1,(1054),0,fa4,174483,174533,20,64,0,-1,0,0,0.0500,0.0500,1,0,0,0,0.0000,0.0000,0,1,0.0000,-1,OFF,0,0,127,127,0,0,127,127,90,90,1,1,0,0,1,1,64,64,1,1,0,0,1,1,8192,8192,1,1,rameau_en_sib,60
#704,1,(1055),0,mib4,174529,174579,20,64,0,-1,0,0,0.0500,0.0500,1,0,0,0,0.0000,0.0000,0,1,0.0000,-1,OFF,0,0,127,127,0,0,127,127,90,90,1,1,0,0,1,1,64,64,1,1,0,0,1,1,8192,8192,1,1,rameau_en_sib,60
#705,1,(1056),0,fa4,174552,174602,20,64,0,-1,0,0,0.0500,0.0500,1,0,0,0,0.0000,0.0000,0,1,0.0000,-1,OFF,0,0,127,127,0,0,127,127,90,90,1,1,0,0,1,1,64,64,1,1,0,0,1,1,8192,8192,1,1,rameau_en_sib,60
#706,1,(1058),0,mib4,174611,175063,20,64,0,-1,0,0,0.4520,0.4520,1,0,0,0,0.0000,0.0000,0,1,0.0000,-1,OFF,0,0,127,127,0,0,127,127,90,90,1,1,0,0,1,1,64,64,1,1,0,0,1,1,8192,8192,1,1,rameau_en_sib,60
#707,1,(1059),0,re4,175052,175655,20,64,0,-1,0,0,0.6030,0.6030,1,0,0,0,0.0000,0.0000,0,1,0.0000,-1,OFF,0,0,127,127,0,0,127,127,90,90,1,1,0,0,1,1,64,64,1,1,0,0,1,1,8192,8192,1,1,rameau_en_sib,60
#708,1,(1074),0,do2,175659,178069,20,64,0,-1,0,0,2.4100,2.4100,1,0,0,0,0.0000,0.0000,0,1,0.0000,-1,OFF,0,0,127,127,0,0,127,127,90,90,1,1,0,0,1,1,64,64,1,1,0,0,1,1,8192,8192,1,1,rameau_en_sib,60
#709,1,(1071),0,sol3,175664,178074,20,64,0,-1,0,0,2.4100,2.4100,1,0,0,0,0.0000,0.0000,0,1,0.0000,-1,OFF,0,0,127,127,0,0,127,127,90,90,1,1,0,0,1,1,64,64,1,1,0,0,1,1,8192,8192,1,1,rameau_en_sib,60
#710,1,(1073),0,mib3,175674,178084,20,64,0,-1,0,0,2.4100,2.4100,1,0,0,0,0.0000,0.0000,0,1,0.0000,-1,OFF,0,0,127,127,0,0,127,127,90,90,1,1,0,0,1,1,64,64,1,1,0,0,1,1,8192,8192,1,1,rameau_en_sib,60
#711,1,(1070),0,mib3,175677,178087,20,64,0,-1,0,0,2.4100,2.4100,1,0,0,0,0.0000,0.0000,0,1,0.0000,-1,OFF,0,0,127,127,0,0,127,127,90,90,1,1,0,0,1,1,64,64,1,1,0,0,1,1,8192,8192,1,1,rameau_en_sib,60
#712,1,(1072),0,do4,175683,178093,20,64,0,-1,0,0,2.4100,2.4100,1,0,0,0,0.0000,0.0000,0,1,0.0000,-1,OFF,0,0,127,127,0,0,127,127,90,90,1,1,0,0,1,1,64,64,1,1,0,0,1,1,8192,8192,1,1,rameau_en_sib,60
#713,1,(1090),0,mib3,176858,180876,20,64,0,-1,0,0,4.0180,4.0180,1,0,0,0,0.0000,0.0000,0,1,0.0000,-1,OFF,0,0,127,127,0,0,127,127,90,90,1,1,0,0,1,1,64,64,1,1,0,0,1,1,8192,8192,1,1,rameau_en_sib,60
#714,1,(1076),0,sol5,176862,178870,20,64,0,-1,0,0,2.0080,2.0080,1,0,0,0,0.0000,0.0000,0,1,0.0000,-1,OFF,0,0,127,127,0,0,127,127,90,90,1,1,0,0,1,1,64,64,1,1,0,0,1,1,8192,8192,1,1,rameau_en_sib,60
#715,1,(1082),0,sol5,176866,177870,20,64,0,-1,0,0,1.0040,1.0040,1,0,0,0,0.0000,0.0000,0,1,0.0000,-1,OFF,0,0,127,127,0,0,127,127,90,90,1,1,0,0,1,1,64,64,1,1,0,0,1,1,8192,8192,1,1,rameau_en_sib,60
#716,1,(1083),0,sol4,177366,178370,20,64,0,-1,0,0,1.0040,1.0040,1,0,0,0,0.0000,0.0000,0,1,0.0000,-1,OFF,0,0,127,127,0,0,127,127,90,90,1,1,0,0,1,1,64,64,1,1,0,0,1,1,8192,8192,1,1,rameau_en_sib,60
#717,1,(1077),0,lab4,177864,179874,20,64,0,-1,0,0,2.0100,2.0100,1,0,0,0,0.0000,0.0000,0,1,0.0000,-1,OFF,0,0,127,127,0,0,127,127,90,90,1,1,0,0,1,1,64,64,1,1,0,0,1,1,8192,8192,1,1,rameau_en_sib,60
#718,1,(1088),0,fa3,177883,181901,20,64,0,-1,0,0,4.0180,4.0180,1,0,0,0,0.0000,0.0000,0,1,0.0000,-1,OFF,0,0,127,127,0,0,127,127,90,90,1,1,0,0,1,1,64,64,1,1,0,0,1,1,8192,8192,1,1,rameau_en_sib,60
#719,1,(1084),0,fa4,178371,180379,20,64,0,-1,0,0,2.0080,2.0080,1,0,0,0,0.0000,0.0000,0,1,0.0000,-1,OFF,0,0,127,127,0,0,127,127,90,90,1,1,0,0,1,1,64,64,1,1,0,0,1,1,8192,8192,1,1,rameau_en_sib,60
#720,1,(1079),0,fa5,178874,179878,20,64,0,-1,0,0,1.0040,1.0040,1,0,0,0,0.0000,0.0000,0,1,0.0000,-1,OFF,0,0,127,127,0,0,127,127,90,90,1,1,0,0,1,1,64,64,1,1,0,0,1,1,8192,8192,1,1,rameau_en_sib,60
#721,1,(1091),0,re3,178900,183058,20,64,0,-1,0,0,4.1580,4.1580,1,0,0,0,0.0000,0.0000,0,1,0.0000,-1,OFF,0,0,127,127,0,0,127,127,90,90,1,1,0,0,1,1,64,64,1,1,0,0,1,1,8192,8192,1,1,rameau_en_sib,60
#722,1,(1080),0,fa4,179382,180386,20,64,0,-1,0,0,1.0040,1.0040,1,0,0,0,0.0000,0.0000,0,1,0.0000,-1,OFF,0,0,127,127,0,0,127,127,90,90,1,1,0,0,1,1,64,64,1,1,0,0,1,1,8192,8192,1,1,rameau_en_sib,60
#723,1,(1085),0,fa4,179386,181454,20,64,0,-1,0,0,2.0680,2.0680,1,0,0,0,0.0000,0.0000,0,1,0.0000,-1,OFF,0,0,127,127,0,0,127,127,90,90,1,1,0,0,1,1,64,64,1,1,0,0,1,1,8192,8192,1,1,rameau_en_sib,60
#724,1,(1093),0,sol4,179867,182037,20,64,0,-1,0,0,2.1700,2.1700,1,0,0,0,0.0000,0.0000,0,1,0.0000,-1,OFF,0,0,127,127,0,0,127,127,90,90,1,1,0,0,1,1,64,64,1,1,0,0,1,1,8192,8192,1,1,rameau_en_sib,60
#725,1,(1108),0,mib3,179881,184201,20,64,0,-1,0,0,4.3200,4.3200,1,0,0,0,0.0000,0.0000,0,1,0.0000,-1,OFF,0,0,127,127,0,0,127,127,90,90,1,1,0,0,1,1,64,64,1,1,0,0,1,1,8192,8192,1,1,rameau_en_sib,60
#726,1,(1103),0,mib4,180418,182566,20,64,0,-1,0,0,2.1480,2.1480,1,0,0,0,0.0000,0.0000,0,1,0.0000,-1,OFF,0,0,127,127,0,0,127,127,90,90,1,1,0,0,1,1,64,64,1,1,0,0,1,1,8192,8192,1,1,rameau_en_sib,60
#727,1,(1112),0,do3,180964,185262,20,64,0,-1,0,0,4.2980,4.2980,1,0,0,0,0.0000,0.0000,0,1,0.0000,-1,OFF,0,0,127,127,0,0,127,127,90,90,1,1,0,0,1,1,64,64,1,1,0,0,1,1,8192,8192,1,1,rameau_en_sib,60
#728,1,(1095),0,mib5,180987,182051,20,64,0,-1,0,0,1.0640,1.0640,1,0,0,0,0.0000,0.0000,0,1,0.0000,-1,OFF,0,0,127,127,0,0,127,127,90,90,1,1,0,0,1,1,64,64,1,1,0,0,1,1,8192,8192,1,1,rameau_en_sib,60
#729,1,(1104),0,mib4,181494,182580,20,64,0,-1,0,0,1.0860,1.0860,1,0,0,0,0.0000,0.0000,0,1,0.0000,-1,OFF,0,0,127,127,0,0,127,127,90,90,1,1,0,0,1,1,64,64,1,1,0,0,1,1,8192,8192,1,1,rameau_en_sib,60
#730,1,(1096),0,mib4,181511,182597,20,64,0,-1,0,0,1.0860,1.0860,1,0,0,0,0.0000,0.0000,0,1,0.0000,-1,OFF,0,0,127,127,0,0,127,127,90,90,1,1,0,0,1,1,64,64,1,1,0,0,1,1,8192,8192,1,1,rameau_en_sib,60
#731,1,(1097),0,fa4,182027,184175,20,64,0,-1,0,0,2.1480,2.1480,1,0,0,0,0.0000,0.0000,0,1,0.0000,-1,OFF,0,0,127,127,0,0,127,127,90,90,1,1,0,0,1,1,64,64,1,1,0,0,1,1,8192,8192,1,1,rameau_en_sib,60
#732,1,(1110),0,re3,182031,186329,20,64,0,-1,0,0,4.2980,4.2980,1,0,0,0,0.0000,0.0000,0,1,0.0000,-1,OFF,0,0,127,127,0,0,127,127,90,90,1,1,0,0,1,1,64,64,1,1,0,0,1,1,8192,8192,1,1,rameau_en_sib,60
#733,1,(1105),0,re4,182597,184745,20,64,0,-1,0,0,2.1480,2.1480,1,0,0,0,0.0000,0.0000,0,1,0.0000,-1,OFF,0,0,127,127,0,0,127,127,90,90,1,1,0,0,1,1,64,64,1,1,0,0,1,1,8192,8192,1,1,rameau_en_sib,60
#734,1,(1099),0,sol4,183111,184175,20,64,0,-1,0,0,1.0640,1.0640,1,0,0,0,0.0000,0.0000,0,1,0.0000,-1,OFF,0,0,127,127,0,0,127,127,90,90,1,1,0,0,1,1,64,64,1,1,0,0,1,1,8192,8192,1,1,rameau_en_sib,60
#735,1,(1113),0,si2,183125,184427,20,64,0,-1,0,0,1.3020,1.3020,1,0,0,0,0.0000,0.0000,0,1,0.0000,-1,OFF,0,0,127,127,0,0,127,127,90,90,1,1,0,0,1,1,64,64,1,1,0,0,1,1,8192,8192,1,1,rameau_en_sib,60
#736,1,(1100),0,re4,183650,184736,20,64,0,-1,0,0,1.0860,1.0860,1,0,0,0,0.0000,0.0000,0,1,0.0000,-1,OFF,0,0,127,127,0,0,127,127,90,90,1,1,0,0,1,1,64,64,1,1,0,0,1,1,8192,8192,1,1,rameau_en_sib,60
#737,1,(1116),0,mib4,184179,184299,20,64,0,-1,0,0,0.1200,0.1200,1,0,0,0,0.0000,0.0000,0,1,0.0000,-1,OFF,0,0,127,127,0,0,127,127,90,90,1,1,0,0,1,1,64,64,1,1,0,0,1,1,8192,8192,1,1,rameau_en_sib,60
#738,1,(1133),0,do3,184190,184250,20,64,0,-1,0,0,0.0600,0.0600,1,0,0,0,0.0000,0.0000,0,1,0.0000,-1,OFF,0,0,127,127,0,0,127,127,90,90,1,1,0,0,1,1,64,64,1,1,0,0,1,1,8192,8192,1,1,rameau_en_sib,60
#739,1,(1125),0,mib4,184197,185141,20,64,0,-1,0,0,0.9440,0.9440,1,0,0,0,0.0000,0.0000,0,1,0.0000,-1,OFF,0,0,127,127,0,0,127,127,90,90,1,1,0,0,1,1,64,64,1,1,0,0,1,1,8192,8192,1,1,rameau_en_sib,60
#740,1,(1134),0,sib2,184253,184313,20,64,0,-1,0,0,0.0600,0.0600,1,0,0,0,0.0000,0.0000,0,1,0.0000,-1,OFF,0,0,127,127,0,0,127,127,90,90,1,1,0,0,1,1,64,64,1,1,0,0,1,1,8192,8192,1,1,rameau_en_sib,60
#741,1,(1117),0,re4,184265,184385,20,64,0,-1,0,0,0.1200,0.1200,1,0,0,0,0.0000,0.0000,0,1,0.0000,-1,OFF,0,0,127,127,0,0,127,127,90,90,1,1,0,0,1,1,64,64,1,1,0,0,1,1,8192,8192,1,1,rameau_en_sib,60
#742,1,(1136),0,do3,184296,185130,20,64,0,-1,0,0,0.8340,0.8340,1,0,0,0,0.0000,0.0000,0,1,0.0000,-1,OFF,0,0,127,127,0,0,127,127,90,90,1,1,0,0,1,1,64,64,1,1,0,0,1,1,8192,8192,1,1,rameau_en_sib,60
#743,1,(1119),0,mib4,184323,185991,20,64,0,-1,0,0,1.6680,1.6680,1,0,0,0,0.0000,0.0000,0,1,0.0000,-1,OFF,0,0,127,127,0,0,127,127,90,90,1,1,0,0,1,1,64,64,1,1,0,0,1,1,8192,8192,1,1,rameau_en_sib,60
#744,1,(1126),0,do4,184653,185597,20,64,0,-1,0,0,0.9440,0.9440,1,0,0,0,0.0000,0.0000,0,1,0.0000,-1,OFF,0,0,127,127,0,0,127,127,90,90,1,1,0,0,1,1,64,64,1,1,0,0,1,1,8192,8192,1,1,rameau_en_sib,60
#745,1,(1128),0,mib5,185285,186229,20,64,0,-1,0,0,0.9440,0.9440,1,0,0,0,0.0000,0.0000,0,1,0.0000,-1,OFF,0,0,127,127,0,0,127,127,90,90,1,1,0,0,1,1,64,64,1,1,0,0,1,1,8192,8192,1,1,rameau_en_sib,60
#746,1,(1122),0,mib5,185286,189062,20,64,0,-1,0,0,3.7760,3.7760,1,0,0,0,0.0000,0.0000,0,1,0.0000,-1,OFF,0,0,127,127,0,0,127,127,90,90,1,1,0,0,1,1,64,64,1,1,0,0,1,1,8192,8192,1,1,rameau_en_sib,60
#747,1,(1139),0,do4,185309,187197,20,64,0,-1,0,0,1.8880,1.8880,1,0,0,0,0.0000,0.0000,0,1,0.0000,-1,OFF,0,0,127,127,0,0,127,127,90,90,1,1,0,0,1,1,64,64,1,1,0,0,1,1,8192,8192,1,1,rameau_en_sib,60
#748,1,(1129),0,sol4,185754,186698,20,64,0,-1,0,0,0.9440,0.9440,1,0,0,0,0.0000,0.0000,0,1,0.0000,-1,OFF,0,0,127,127,0,0,127,127,90,90,1,1,0,0,1,1,64,64,1,1,0,0,1,1,8192,8192,1,1,rameau_en_sib,60
#749,1,(1144),0,re4,186228,190004,20,64,0,-1,0,0,3.7760,3.7760,1,0,0,0,0.0000,0.0000,0,1,0.0000,-1,OFF,0,0,127,127,0,0,127,127,90,90,1,1,0,0,1,1,64,64,1,1,0,0,1,1,8192,8192,1,1,rameau_en_sib,60
#750,1,(1130),0,fa#4,186697,187641,20,64,0,-1,0,0,0.9440,0.9440,1,0,0,0,0.0000,0.0000,0,1,0.0000,-1,OFF,0,0,127,127,0,0,127,127,90,90,1,1,0,0,1,1,64,64,1,1,0,0,1,1,8192,8192,1,1,rameau_en_sib,60
#751,1,(1140),0,sib3,187168,188112,20,64,0,-1,0,0,0.9440,0.9440,1,0,0,0,0.0000,0.0000,0,1,0.0000,-1,OFF,0,0,127,127,0,0,127,127,90,90,1,1,0,0,1,1,64,64,1,1,0,0,1,1,8192,8192,1,1,rameau_en_sib,60
#752,1,(1123),0,re5,187174,190930,20,64,0,-1,0,0,3.7560,3.7560,1,0,0,0,0.0000,0.0000,0,1,0.0000,-1,OFF,0,0,127,127,0,0,127,127,90,90,1,1,0,0,1,1,64,64,1,1,0,0,1,1,8192,8192,1,1,rameau_en_sib,60
#753,1,(1131),0,fa4,187636,188580,20,64,0,-1,0,0,0.9440,0.9440,1,0,0,0,0.0000,0.0000,0,1,0.0000,-1,OFF,0,0,127,127,0,0,127,127,90,90,1,1,0,0,1,1,64,64,1,1,0,0,1,1,8192,8192,1,1,rameau_en_sib,60
#754,1,(1156),0,do4,188105,191881,20,64,0,-1,0,0,3.7760,3.7760,1,0,0,0,0.0000,0.0000,0,1,0.0000,-1,OFF,0,0,127,127,0,0,127,127,90,90,1,1,0,0,1,1,64,64,1,1,0,0,1,1,8192,8192,1,1,rameau_en_sib,60
#755,1,(1150),0,mi4,188600,189544,20,64,0,-1,0,0,0.9440,0.9440,1,0,0,0,0.0000,0.0000,0,1,0.0000,-1,OFF,0,0,127,127,0,0,127,127,90,90,1,1,0,0,1,1,64,64,1,1,0,0,1,1,8192,8192,1,1,rameau_en_sib,60
#756,1,(1147),0,do5,189038,192814,20,64,0,-1,0,0,3.7760,3.7760,1,0,0,0,0.0000,0.0000,0,1,0.0000,-1,OFF,0,0,127,127,0,0,127,127,90,90,1,1,0,0,1,1,64,64,1,1,0,0,1,1,8192,8192,1,1,rameau_en_sib,60
#757,1,(1159),0,la3,189056,190188,20,64,0,-1,0,0,1.1328,1.1328,1,0,0,0,0.0000,0.0000,0,1,0.0000,-1,OFF,0,0,127,127,0,0,127,127,90,90,1,1,0,0,1,1,64,64,1,1,0,0,1,1,8192,8192,1,1,rameau_en_sib,60
#758,1,(1151),0,mib4,189511,190455,20,64,0,-1,0,0,0.9440,0.9440,1,0,0,0,0.0000,0.0000,0,1,0.0000,-1,OFF,0,0,127,127,0,0,127,127,90,90,1,1,0,0,1,1,64,64,1,1,0,0,1,1,8192,8192,1,1,rameau_en_sib,60
#759,1,(1160),0,fa#3,189991,191123,20,64,0,-1,0,0,1.1328,1.1328,1,0,0,0,0.0000,0.0000,0,1,0.0000,-1,OFF,0,0,127,127,0,0,127,127,90,90,1,1,0,0,1,1,64,64,1,1,0,0,1,1,8192,8192,1,1,rameau_en_sib,60
#760,1,(1157),0,la3,190009,190953,20,64,0,-1,0,0,0.9440,0.9440,1,0,0,0,0.0000,0.0000,0,1,0.0000,-1,OFF,0,0,127,127,0,0,127,127,90,90,1,1,0,0,1,1,64,64,1,1,0,0,1,1,8192,8192,1,1,rameau_en_sib,60
#761,1,(1152),0,re4,190479,191423,20,64,0,-1,0,0,0.9440,0.9440,1,0,0,0,0.0000,0.0000,0,1,0.0000,-1,OFF,0,0,127,127,0,0,127,127,90,90,1,1,0,0,1,1,64,64,1,1,0,0,1,1,8192,8192,1,1,rameau_en_sib,60
#762,1,(1161),0,sol3,190935,192067,20,64,0,-1,0,0,1.1328,1.1328,1,0,0,0,0.0000,0.0000,0,1,0.0000,-1,OFF,0,0,127,127,0,0,127,127,90,90,1,1,0,0,1,1,64,64,1,1,0,0,1,1,8192,8192,1,1,rameau_en_sib,60
#763,1,(1148),0,sib4,190937,192825,20,64,0,-1,0,0,1.8880,1.8880,1,0,0,0,0.0000,0.0000,0,1,0.0000,-1,OFF,0,0,127,127,0,0,127,127,90,90,1,1,0,0,1,1,64,64,1,1,0,0,1,1,8192,8192,1,1,rameau_en_sib,60
#764,1,(1158),0,sol3,190957,191901,20,64,0,-1,0,0,0.9440,0.9440,1,0,0,0,0.0000,0.0000,0,1,0.0000,-1,OFF,0,0,127,127,0,0,127,127,90,90,1,1,0,0,1,1,64,64,1,1,0,0,1,1,8192,8192,1,1,rameau_en_sib,60
#765,1,(1154),0,sol4,191418,192362,20,64,0,-1,0,0,0.9440,0.9440,1,0,0,0,0.0000,0.0000,0,1,0.0000,-1,OFF,0,0,127,127,0,0,127,127,90,90,1,1,0,0,1,1,64,64,1,1,0,0,1,1,8192,8192,1,1,rameau_en_sib,60
#766,1,(1177),0,re4,191877,193745,20,64,0,-1,0,0,1.8680,1.8680,1,0,0,0,0.0000,0.0000,0,1,0.0000,-1,OFF,0,0,127,127,0,0,127,127,90,90,1,1,0,0,1,1,64,64,1,1,0,0,1,1,8192,8192,1,1,rameau_en_sib,60
#767,1,(1164),0,la4,191885,193753,20,64,0,-1,0,0,1.8680,1.8680,1,0,0,0,0.0000,0.0000,0,1,0.0000,-1,OFF,0,0,127,127,0,0,127,127,90,90,1,1,0,0,1,1,64,64,1,1,0,0,1,1,8192,8192,1,1,rameau_en_sib,60
#768,1,(1169),0,fa#4,192369,193293,20,64,0,-1,0,0,0.9240,0.9240,1,0,0,0,0.0000,0.0000,0,1,0.0000,-1,OFF,0,0,127,127,0,0,127,127,90,90,1,1,0,0,1,1,64,64,1,1,0,0,1,1,8192,8192,1,1,rameau_en_sib,60
#769,1,(1171),0,fa#4,192994,193938,20,64,0,-1,0,0,0.9440,0.9440,1,0,0,0,0.0000,0.0000,0,1,0.0000,-1,OFF,0,0,127,127,0,0,127,127,90,90,1,1,0,0,1,1,64,64,1,1,0,0,1,1,8192,8192,1,1,rameau_en_sib,60
#770,1,(1179),0,sib3,192997,194885,20,64,0,-1,0,0,1.8880,1.8880,1,0,0,0,0.0000,0.0000,0,1,0.0000,-1,OFF,0,0,127,127,0,0,127,127,90,90,1,1,0,0,1,1,64,64,1,1,0,0,1,1,8192,8192,1,1,rameau_en_sib,60
#771,1,(1166),0,re5,192998,194886,20,64,0,-1,0,0,1.8880,1.8880,1,0,0,0,0.0000,0.0000,0,1,0.0000,-1,OFF,0,0,127,127,0,0,127,127,90,90,1,1,0,0,1,1,64,64,1,1,0,0,1,1,8192,8192,1,1,rameau_en_sib,60
#772,1,(1172),0,re4,193448,194392,20,64,0,-1,0,0,0.9440,0.9440,1,0,0,0,0.0000,0.0000,0,1,0.0000,-1,OFF,0,0,127,127,0,0,127,127,90,90,1,1,0,0,1,1,64,64,1,1,0,0,1,1,8192,8192,1,1,rameau_en_sib,60
#773,1,(1180),0,do4,193947,195835,20,64,0,-1,0,0,1.8880,1.8880,1,0,0,0,0.0000,0.0000,0,1,0.0000,-1,OFF,0,0,127,127,0,0,127,127,90,90,1,1,0,0,1,1,64,64,1,1,0,0,1,1,8192,8192,1,1,rameau_en_sib,60
#774,1,(1173),0,mib4,194416,195360,20,64,0,-1,0,0,0.9440,0.9440,1,0,0,0,0.0000,0.0000,0,1,0.0000,-1,OFF,0,0,127,127,0,0,127,127,90,90,1,1,0,0,1,1,64,64,1,1,0,0,1,1,8192,8192,1,1,rameau_en_sib,60
#775,1,(1174),0,mib4,194862,195786,20,64,0,-1,0,0,0.9240,0.9240,1,0,0,0,0.0000,0.0000,0,1,0.0000,-1,OFF,0,0,127,127,0,0,127,127,90,90,1,1,0,0,1,1,64,64,1,1,0,0,1,1,8192,8192,1,1,rameau_en_sib,60
#776,1,(1167),0,do5,194866,196754,20,64,0,-1,0,0,1.8880,1.8880,1,0,0,0,0.0000,0.0000,0,1,0.0000,-1,OFF,0,0,127,127,0,0,127,127,90,90,1,1,0,0,1,1,64,64,1,1,0,0,1,1,8192,8192,1,1,rameau_en_sib,60
#777,1,(1181),0,la3,194867,196755,20,64,0,-1,0,0,1.8880,1.8880,1,0,0,0,0.0000,0.0000,0,1,0.0000,-1,OFF,0,0,127,127,0,0,127,127,90,90,1,1,0,0,1,1,64,64,1,1,0,0,1,1,8192,8192,1,1,rameau_en_sib,60
#778,1,(1175),0,mi4,195329,196273,20,64,0,-1,0,0,0.9440,0.9440,1,0,0,0,0.0000,0.0000,0,1,0.0000,-1,OFF,0,0,127,127,0,0,127,127,90,90,1,1,0,0,1,1,64,64,1,1,0,0,1,1,8192,8192,1,1,rameau_en_sib,60
#779,1,(1194),0,re4,195806,197694,20,64,0,-1,0,0,1.8880,1.8880,1,0,0,0,0.0000,0.0000,0,1,0.0000,-1,OFF,0,0,127,127,0,0,127,127,90,90,1,1,0,0,1,1,64,64,1,1,0,0,1,1,8192,8192,1,1,rameau_en_sib,60
#780,1,(1191),0,fa#4,196261,197205,20,64,0,-1,0,0,0.9440,0.9440,1,0,0,0,0.0000,0.0000,0,1,0.0000,-1,OFF,0,0,127,127,0,0,127,127,90,90,1,1,0,0,1,1,64,64,1,1,0,0,1,1,8192,8192,1,1,rameau_en_sib,60
#781,1,(1196),0,do4,196754,197216,20,64,0,-1,0,0,0.4620,0.4620,1,0,0,0,0.0000,0.0000,0,1,0.0000,-1,OFF,0,0,127,127,0,0,127,127,90,90,1,1,0,0,1,1,64,64,1,1,0,0,1,1,8192,8192,1,1,rameau_en_sib,60
#782,1,(1183),0,sib4,196765,197897,20,64,0,-1,0,0,1.1328,1.1328,1,0,0,0,0.0000,0.0000,0,1,0.0000,-1,OFF,0,0,127,127,0,0,127,127,90,90,1,1,0,0,1,1,64,64,1,1,0,0,1,1,8192,8192,1,1,rameau_en_sib,60
#783,1,(1198),0,re4,196988,197310,20,64,0,-1,0,0,0.3220,0.3220,1,0,0,0,0.0000,0.0000,0,1,0.0000,-1,OFF,0,0,127,127,0,0,127,127,90,90,1,1,0,0,1,1,64,64,1,1,0,0,1,1,8192,8192,1,1,rameau_en_sib,60
#784,1,(1199),0,do4,197152,197472,20,64,0,-1,0,0,0.3200,0.3200,1,0,0,0,0.0000,0.0000,0,1,0.0000,-1,OFF,0,0,127,127,0,0,127,127,90,90,1,1,0,0,1,1,64,64,1,1,0,0,1,1,8192,8192,1,1,rameau_en_sib,60
#785,1,(1192),0,sol4,197209,198153,20,64,0,-1,0,0,0.9440,0.9440,1,0,0,0,0.0000,0.0000,0,1,0.0000,-1,OFF,0,0,127,127,0,0,127,127,90,90,1,1,0,0,1,1,64,64,1,1,0,0,1,1,8192,8192,1,1,rameau_en_sib,60
#786,1,(1200),0,sib3,197310,197632,20,64,0,-1,0,0,0.3220,0.3220,1,0,0,0,0.0000,0.0000,0,1,0.0000,-1,OFF,0,0,127,127,0,0,127,127,90,90,1,1,0,0,1,1,64,64,1,1,0,0,1,1,8192,8192,1,1,rameau_en_sib,60
#787,1,(1201),0,do4,197433,197915,20,64,0,-1,0,0,0.4820,0.4820,1,0,0,0,0.0000,0.0000,0,1,0.0000,-1,OFF,0,0,127,127,0,0,127,127,90,90,1,1,0,0,1,1,64,64,1,1,0,0,1,1,8192,8192,1,1,rameau_en_sib,60
#788,1,(1204),0,re4,197675,199563,20,64,0,-1,0,0,1.8880,1.8880,1,0,0,0,0.0000,0.0000,0,1,0.0000,-1,OFF,0,0,127,127,0,0,127,127,90,90,1,1,0,0,1,1,64,64,1,1,0,0,1,1,8192,8192,1,1,rameau_en_sib,60
#789,1,(1202),0,re4,197707,201463,20,64,0,-1,0,0,3.7560,3.7560,1,0,0,0,0.0000,0.0000,0,1,0.0000,-1,OFF,0,0,127,127,0,0,127,127,90,90,1,1,0,0,1,1,64,64,1,1,0,0,1,1,8192,8192,1,1,rameau_en_sib,60
#790,1,(1185),0,sib4,197713,198279,20,64,0,-1,0,0,0.5664,0.5664,1,0,0,0,0.0000,0.0000,0,1,0.0000,-1,OFF,0,0,127,127,0,0,127,127,90,90,1,1,0,0,1,1,64,64,1,1,0,0,1,1,8192,8192,1,1,rameau_en_sib,60
#791,1,(1186),0,la4,198169,199579,20,64,0,-1,0,0,1.4100,1.4100,1,0,0,0,0.0000,0.0000,0,1,0.0000,-1,OFF,0,0,127,127,0,0,127,127,90,90,1,1,0,0,1,1,64,64,1,1,0,0,1,1,8192,8192,1,1,rameau_en_sib,60
#792,1,(1193),0,fa#4,198641,199575,20,64,0,-1,0,0,0.9340,0.9340,1,0,0,0,0.0000,0.0000,0,1,0.0000,-1,OFF,0,0,127,127,0,0,127,127,90,90,1,1,0,0,1,1,64,64,1,1,0,0,1,1,8192,8192,1,1,rameau_en_sib,60
#793,1,(1205),0,re3,198656,200524,20,64,0,-1,0,0,1.8680,1.8680,1,0,0,0,0.0000,0.0000,0,1,0.0000,-1,OFF,0,0,127,127,0,0,127,127,90,90,1,1,0,0,1,1,64,64,1,1,0,0,1,1,8192,8192,1,1,rameau_en_sib,60
#794,1,(1189),0,re5,199331,199608,20,64,0,-1,0,0,0.2772,0.2772,1,0,0,0,0.0000,0.0000,0,1,0.0000,-1,OFF,0,0,127,127,0,0,127,127,90,90,1,1,0,0,1,1,64,64,1,1,0,0,1,1,8192,8192,1,1,rameau_en_sib,60
#795,1,(1228),0,sol3,199562,199684,20,64,0,-1,0,0,0.1220,0.1220,1,0,0,0,0.0000,0.0000,0,1,0.0000,-1,OFF,0,0,127,127,0,0,127,127,90,90,1,1,0,0,1,1,64,64,1,1,0,0,1,1,8192,8192,1,1,rameau_en_sib,60
#796,1,(1237),0,sol3,199568,200070,20,64,0,-1,0,0,0.5020,0.5020,1,0,0,0,0.0000,0.0000,0,1,0.0000,-1,OFF,0,0,127,127,0,0,127,127,90,90,1,1,0,0,1,1,64,64,1,1,0,0,1,1,8192,8192,1,1,rameau_en_sib,60
#797,1,(1218),0,sol4,199569,201457,20,64,0,-1,0,0,1.8880,1.8880,1,0,0,0,0.0000,0.0000,0,1,0.0000,-1,OFF,0,0,127,127,0,0,127,127,90,90,1,1,0,0,1,1,64,64,1,1,0,0,1,1,8192,8192,1,1,rameau_en_sib,60
#798,1,(1209),0,do5,199579,199741,20,64,0,-1,0,0,0.1620,0.1620,1,0,0,0,0.0000,0.0000,0,1,0.0000,-1,OFF,0,0,127,127,0,0,127,127,90,90,1,1,0,0,1,1,64,64,1,1,0,0,1,1,8192,8192,1,1,rameau_en_sib,60
#799,1,(1229),0,fa3,199615,199735,20,64,0,-1,0,0,0.1200,0.1200,1,0,0,0,0.0000,0.0000,0,1,0.0000,-1,OFF,0,0,127,127,0,0,127,127,90,90,1,1,0,0,1,1,64,64,1,1,0,0,1,1,8192,8192,1,1,rameau_en_sib,60
#800,1,(1210),0,si4,199667,199827,20,64,0,-1,0,0,0.1600,0.1600,1,0,0,0,0.0000,0.0000,0,1,0.0000,-1,OFF,0,0,127,127,0,0,127,127,90,90,1,1,0,0,1,1,64,64,1,1,0,0,1,1,8192,8192,1,1,rameau_en_sib,60
#801,1,(1231),0,sol3,199688,201354,20,64,0,-1,0,0,1.6660,1.6660,1,0,0,0,0.0000,0.0000,0,1,0.0000,-1,OFF,0,0,127,127,0,0,127,127,90,90,1,1,0,0,1,1,64,64,1,1,0,0,1,1,8192,8192,1,1,rameau_en_sib,60
#802,1,(1211),0,do5,199738,199898,20,64,0,-1,0,0,0.1600,0.1600,1,0,0,0,0.0000,0.0000,0,1,0.0000,-1,OFF,0,0,127,127,0,0,127,127,90,90,1,1,0,0,1,1,64,64,1,1,0,0,1,1,8192,8192,1,1,rameau_en_sib,60
#803,1,(1213),0,si4,199803,201229,20,64,0,-1,0,0,1.4260,1.4260,1,0,0,0,0.0000,0.0000,0,1,0.0000,-1,OFF,0,0,127,127,0,0,127,127,90,90,1,1,0,0,1,1,64,64,1,1,0,0,1,1,8192,8192,1,1,rameau_en_sib,60
#804,1,(1233),0,mib3,200666,202534,20,64,0,-1,0,0,1.8680,1.8680,1,0,0,0,0.0000,0.0000,0,1,0.0000,-1,OFF,0,0,127,127,0,0,127,127,90,90,1,1,0,0,1,1,64,64,1,1,0,0,1,1,8192,8192,1,1,rameau_en_sib,60
#805,1,(1215),0,sol4,200672,202540,20,64,0,-1,0,0,1.8680,1.8680,1,0,0,0,0.0000,0.0000,0,1,0.0000,-1,OFF,0,0,127,127,0,0,127,127,90,90,1,1,0,0,1,1,64,64,1,1,0,0,1,1,8192,8192,1,1,rameau_en_sib,60
#806,1,(1222),0,mib4,201163,202107,20,64,0,-1,0,0,0.9440,0.9440,1,0,0,0,0.0000,0.0000,0,1,0.0000,-1,OFF,0,0,127,127,0,0,127,127,90,90,1,1,0,0,1,1,64,64,1,1,0,0,1,1,8192,8192,1,1,rameau_en_sib,60
#807,1,(1216),0,fa4,201606,203494,20,64,0,-1,0,0,1.8880,1.8880,1,0,0,0,0.0000,0.0000,0,1,0.0000,-1,OFF,0,0,127,127,0,0,127,127,90,90,1,1,0,0,1,1,64,64,1,1,0,0,1,1,8192,8192,1,1,rameau_en_sib,60
#808,1,(1234),0,sib2,201617,203505,20,64,0,-1,0,0,1.8880,1.8880,1,0,0,0,0.0000,0.0000,0,1,0.0000,-1,OFF,0,0,127,127,0,0,127,127,90,90,1,1,0,0,1,1,64,64,1,1,0,0,1,1,8192,8192,1,1,rameau_en_sib,60
#809,1,(1223),0,re4,202067,203011,20,64,0,-1,0,0,0.9440,0.9440,1,0,0,0,0.0000,0.0000,0,1,0.0000,-1,OFF,0,0,127,127,0,0,127,127,90,90,1,1,0,0,1,1,64,64,1,1,0,0,1,1,8192,8192,1,1,rameau_en_sib,60
#810,1,(1217),0,sol4,202547,204435,20,64,0,-1,0,0,1.8880,1.8880,1,0,0,0,0.0000,0.0000,0,1,0.0000,-1,OFF,0,0,127,127,0,0,127,127,90,90,1,1,0,0,1,1,64,64,1,1,0,0,1,1,8192,8192,1,1,rameau_en_sib,60
#811,1,(1235),0,mib3,202573,204461,20,64,0,-1,0,0,1.8880,1.8880,1,0,0,0,0.0000,0.0000,0,1,0.0000,-1,OFF,0,0,127,127,0,0,127,127,90,90,1,1,0,0,1,1,64,64,1,1,0,0,1,1,8192,8192,1,1,rameau_en_sib,60
#812,1,(1225),0,fa4,203023,203967,20,64,0,-1,0,0,0.9440,0.9440,1,0,0,0,0.0000,0.0000,0,1,0.0000,-1,OFF,0,0,127,127,0,0,127,127,90,90,1,1,0,0,1,1,64,64,1,1,0,0,1,1,8192,8192,1,1,rameau_en_sib,60
#813,1,(1255),0,lab2,203495,205383,20,64,0,-1,0,0,1.8880,1.8880,1,0,0,0,0.0000,0.0000,0,1,0.0000,-1,OFF,0,0,127,127,0,0,127,127,90,90,1,1,0,0,1,1,64,64,1,1,0,0,1,1,8192,8192,1,1,rameau_en_sib,60
#814,1,(1250),0,mib4,203498,204442,20,64,0,-1,0,0,0.9440,0.9440,1,0,0,0,0.0000,0.0000,0,1,0.0000,-1,OFF,0,0,127,127,0,0,127,127,90,90,1,1,0,0,1,1,64,64,1,1,0,0,1,1,8192,8192,1,1,rameau_en_sib,60
#815,1,(1251),0,re4,203975,204919,20,64,0,-1,0,0,0.9440,0.9440,1,0,0,0,0.0000,0.0000,0,1,0.0000,-1,OFF,0,0,127,127,0,0,127,127,90,90,1,1,0,0,1,1,64,64,1,1,0,0,1,1,8192,8192,1,1,rameau_en_sib,60
#816,1,(1256),0,sol2,204446,206314,20,64,0,-1,0,0,1.8680,1.8680,1,0,0,0,0.0000,0.0000,0,1,0.0000,-1,OFF,0,0,127,127,0,0,127,127,90,90,1,1,0,0,1,1,64,64,1,1,0,0,1,1,8192,8192,1,1,rameau_en_sib,60
#817,1,(1240),0,sol4,204453,206341,20,64,0,-1,0,0,1.8880,1.8880,1,0,0,0,0.0000,0.0000,0,1,0.0000,-1,OFF,0,0,127,127,0,0,127,127,90,90,1,1,0,0,1,1,64,64,1,1,0,0,1,1,8192,8192,1,1,rameau_en_sib,60
#818,1,(1253),0,mib4,204898,205842,20,64,0,-1,0,0,0.9440,0.9440,1,0,0,0,0.0000,0.0000,0,1,0.0000,-1,OFF,0,0,127,127,0,0,127,127,90,90,1,1,0,0,1,1,64,64,1,1,0,0,1,1,8192,8192,1,1,rameau_en_sib,60
#819,1,(1257),0,fa2,205365,207253,20,64,0,-1,0,0,1.8880,1.8880,1,0,0,0,0.0000,0.0000,0,1,0.0000,-1,OFF,0,0,127,127,0,0,127,127,90,90,1,1,0,0,1,1,64,64,1,1,0,0,1,1,8192,8192,1,1,rameau_en_sib,60
#820,1,(1242),0,lab4,205830,206774,20,64,0,-1,0,0,0.9440,0.9440,1,0,0,0,0.0000,0.0000,0,1,0.0000,-1,OFF,0,0,127,127,0,0,127,127,90,90,1,1,0,0,1,1,64,64,1,1,0,0,1,1,8192,8192,1,1,rameau_en_sib,60
#821,1,(1254),0,re4,206303,208193,20,64,0,-1,0,0,1.8900,1.8900,1,0,0,0,0.0000,0.0000,0,1,0.0000,-1,OFF,0,0,127,127,0,0,127,127,90,90,1,1,0,0,1,1,64,64,1,1,0,0,1,1,8192,8192,1,1,rameau_en_sib,60
#822,1,(1244),0,sol4,206316,206478,20,64,0,-1,0,0,0.1620,0.1620,1,0,0,0,0.0000,0.0000,0,1,0.0000,-1,OFF,0,0,127,127,0,0,127,127,90,90,1,1,0,0,1,1,64,64,1,1,0,0,1,1,8192,8192,1,1,rameau_en_sib,60
#823,1,(1258),0,sib2,206339,208229,20,64,0,-1,0,0,1.8900,1.8900,1,0,0,0,0.0000,0.0000,0,1,0.0000,-1,OFF,0,0,127,127,0,0,127,127,90,90,1,1,0,0,1,1,64,64,1,1,0,0,1,1,8192,8192,1,1,rameau_en_sib,60
#824,1,(1245),0,fa4,206403,206563,20,64,0,-1,0,0,0.1600,0.1600,1,0,0,0,0.0000,0.0000,0,1,0.0000,-1,OFF,0,0,127,127,0,0,127,127,90,90,1,1,0,0,1,1,64,64,1,1,0,0,1,1,8192,8192,1,1,rameau_en_sib,60
#825,1,(1246),0,sol4,206495,206655,20,64,0,-1,0,0,0.1600,0.1600,1,0,0,0,0.0000,0.0000,0,1,0.0000,-1,OFF,0,0,127,127,0,0,127,127,90,90,1,1,0,0,1,1,64,64,1,1,0,0,1,1,8192,8192,1,1,rameau_en_sib,60
#826,1,(1248),0,fa4,206564,207972,20,64,0,-1,0,0,1.4080,1.4080,1,0,0,0,0.0000,0.0000,0,1,0.0000,-1,OFF,0,0,127,127,0,0,127,127,90,90,1,1,0,0,1,1,64,64,1,1,0,0,1,1,8192,8192,1,1,rameau_en_sib,60
#827,1,(1273),0,mib2,207257,209145,20,64,0,-1,0,0,1.8880,1.8880,1,0,0,0,0.0000,0.0000,0,1,0.0000,-1,OFF,0,0,127,127,0,0,127,127,90,90,1,1,0,0,1,1,64,64,1,1,0,0,1,1,8192,8192,1,1,rameau_en_sib,60
#828,1,(1265),0,mib4,207260,209148,20,64,0,-1,0,0,1.8880,1.8880,1,0,0,0,0.0000,0.0000,0,1,0.0000,-1,OFF,0,0,127,127,0,0,127,127,90,90,1,1,0,0,1,1,64,64,1,1,0,0,1,1,8192,8192,1,1,rameau_en_sib,60
#829,1,(1260),0,sol4,207277,209165,20,64,0,-1,0,0,1.8880,1.8880,1,0,0,0,0.0000,0.0000,0,1,0.0000,-1,OFF,0,0,127,127,0,0,127,127,90,90,1,1,0,0,1,1,64,64,1,1,0,0,1,1,8192,8192,1,1,rameau_en_sib,60
#830,1,(1275),0,mib3,208340,210228,20,64,0,-1,0,0,1.8880,1.8880,1,0,0,0,0.0000,0.0000,0,1,0.0000,-1,OFF,0,0,127,127,0,0,127,127,90,90,1,1,0,0,1,1,64,64,1,1,0,0,1,1,8192,8192,1,1,rameau_en_sib,60
#831,1,(1263),0,mib5,208347,212123,20,64,0,-1,0,0,3.7760,3.7760,1,0,0,0,0.0000,0.0000,0,1,0.0000,-1,OFF,0,0,127,127,0,0,127,127,90,90,1,1,0,0,1,1,64,64,1,1,0,0,1,1,8192,8192,1,1,rameau_en_sib,60
#832,1,(1269),0,sol4,208834,209778,20,64,0,-1,0,0,0.9440,0.9440,1,0,0,0,0.0000,0.0000,0,1,0.0000,-1,OFF,0,0,127,127,0,0,127,127,90,90,1,1,0,0,1,1,64,64,1,1,0,0,1,1,8192,8192,1,1,rameau_en_sib,60
#833,1,(1276),0,sib3,209292,213048,20,64,0,-1,0,0,3.7560,3.7560,1,0,0,0,0.0000,0.0000,0,1,0.0000,-1,OFF,0,0,127,127,0,0,127,127,90,90,1,1,0,0,1,1,64,64,1,1,0,0,1,1,8192,8192,1,1,rameau_en_sib,60
#834,1,(1279),0,sib3,209318,211206,20,64,0,-1,0,0,1.8880,1.8880,1,0,0,0,0.0000,0.0000,0,1,0.0000,-1,OFF,0,0,127,127,0,0,127,127,90,90,1,1,0,0,1,1,64,64,1,1,0,0,1,1,8192,8192,1,1,rameau_en_sib,60
#835,1,(1270),0,fa4,209784,210728,20,64,0,-1,0,0,0.9440,0.9440,1,0,0,0,0.0000,0.0000,0,1,0.0000,-1,OFF,0,0,127,127,0,0,127,127,90,90,1,1,0,0,1,1,64,64,1,1,0,0,1,1,8192,8192,1,1,rameau_en_sib,60
#836,1,(1264),0,reb5,210234,212124,20,64,0,-1,0,0,1.8900,1.8900,1,0,0,0,0.0000,0.0000,0,1,0.0000,-1,OFF,0,0,127,127,0,0,127,127,90,90,1,1,0,0,1,1,64,64,1,1,0,0,1,1,8192,8192,1,1,rameau_en_sib,60
#837,1,(1280),0,sib2,210252,212142,20,64,0,-1,0,0,1.8900,1.8900,1,0,0,0,0.0000,0.0000,0,1,0.0000,-1,OFF,0,0,127,127,0,0,127,127,90,90,1,1,0,0,1,1,64,64,1,1,0,0,1,1,8192,8192,1,1,rameau_en_sib,60
#838,1,(1271),0,sib4,210716,211662,20,64,0,-1,0,0,0.9460,0.9460,1,0,0,0,0.0000,0.0000,0,1,0.0000,-1,OFF,0,0,127,127,0,0,127,127,90,90,1,1,0,0,1,1,64,64,1,1,0,0,1,1,8192,8192,1,1,rameau_en_sib,60
#839,1,(1294),0,fa3,211176,213044,20,64,0,-1,0,0,1.8680,1.8680,1,0,0,0,0.0000,0.0000,0,1,0.0000,-1,OFF,0,0,127,127,0,0,127,127,90,90,1,1,0,0,1,1,64,64,1,1,0,0,1,1,8192,8192,1,1,rameau_en_sib,60
#840,1,(1291),0,fa3,211187,213075,20,64,0,-1,0,0,1.8880,1.8880,1,0,0,0,0.0000,0.0000,0,1,0.0000,-1,OFF,0,0,127,127,0,0,127,127,90,90,1,1,0,0,1,1,64,64,1,1,0,0,1,1,8192,8192,1,1,rameau_en_sib,60
#841,1,(1282),0,do5,211193,213061,20,64,0,-1,0,0,1.8680,1.8680,1,0,0,0,0.0000,0.0000,0,1,0.0000,-1,OFF,0,0,127,127,0,0,127,127,90,90,1,1,0,0,1,1,64,64,1,1,0,0,1,1,8192,8192,1,1,rameau_en_sib,60
#842,1,(1287),0,la4,211666,212610,20,64,0,-1,0,0,0.9440,0.9440,1,0,0,0,0.0000,0.0000,0,1,0.0000,-1,OFF,0,0,127,127,0,0,127,127,90,90,1,1,0,0,1,1,64,64,1,1,0,0,1,1,8192,8192,1,1,rameau_en_sib,60
#843,1,(1295),0,fa2,212114,214002,20,64,0,-1,0,0,1.8880,1.8880,1,0,0,0,0.0000,0.0000,0,1,0.0000,-1,OFF,0,0,127,127,0,0,127,127,90,90,1,1,0,0,1,1,64,64,1,1,0,0,1,1,8192,8192,1,1,rameau_en_sib,60
#844,1,(1284),0,fa5,212132,215908,20,64,0,-1,0,0,3.7760,3.7760,1,0,0,0,0.0000,0.0000,0,1,0.0000,-1,OFF,0,0,127,127,0,0,127,127,90,90,1,1,0,0,1,1,64,64,1,1,0,0,1,1,8192,8192,1,1,rameau_en_sib,60
#845,1,(1288),0,lab4,212598,213542,20,64,0,-1,0,0,0.9440,0.9440,1,0,0,0,0.0000,0.0000,0,1,0.0000,-1,OFF,0,0,127,127,0,0,127,127,90,90,1,1,0,0,1,1,64,64,1,1,0,0,1,1,8192,8192,1,1,rameau_en_sib,60
#846,1,(1292),0,do3,213072,214960,20,64,0,-1,0,0,1.8880,1.8880,1,0,0,0,0.0000,0.0000,0,1,0.0000,-1,OFF,0,0,127,127,0,0,127,127,90,90,1,1,0,0,1,1,64,64,1,1,0,0,1,1,8192,8192,1,1,rameau_en_sib,60
#847,1,(1296),0,do3,213089,216845,20,64,0,-1,0,0,3.7560,3.7560,1,0,0,0,0.0000,0.0000,0,1,0.0000,-1,OFF,0,0,127,127,0,0,127,127,90,90,1,1,0,0,1,1,64,64,1,1,0,0,1,1,8192,8192,1,1,rameau_en_sib,60
#848,1,(1289),0,sol4,213539,214483,20,64,0,-1,0,0,0.9440,0.9440,1,0,0,0,0.0000,0.0000,0,1,0.0000,-1,OFF,0,0,127,127,0,0,127,127,90,90,1,1,0,0,1,1,64,64,1,1,0,0,1,1,8192,8192,1,1,rameau_en_sib,60
#849,1,(1293),0,do4,214009,215897,20,64,0,-1,0,0,1.8880,1.8880,1,0,0,0,0.0000,0.0000,0,1,0.0000,-1,OFF,0,0,127,127,0,0,127,127,90,90,1,1,0,0,1,1,64,64,1,1,0,0,1,1,8192,8192,1,1,rameau_en_sib,60
#850,1,(1285),0,mib5,214030,215918,20,64,0,-1,0,0,1.8880,1.8880,1,0,0,0,0.0000,0.0000,0,1,0.0000,-1,OFF,0,0,127,127,0,0,127,127,90,90,1,1,0,0,1,1,64,64,1,1,0,0,1,1,8192,8192,1,1,rameau_en_sib,60
#851,1,(1290),0,do5,214481,216429,20,64,0,-1,0,0,1.9480,1.9480,1,0,0,0,0.0000,0.0000,0,1,0.0000,-1,OFF,0,0,127,127,0,0,127,127,90,90,1,1,0,0,1,1,64,64,1,1,0,0,1,1,8192,8192,1,1,rameau_en_sib,60
#852,1,(1311),0,sol3,214960,216968,20,64,0,-1,0,0,2.0080,2.0080,1,0,0,0,0.0000,0.0000,0,1,0.0000,-1,OFF,0,0,127,127,0,0,127,127,90,90,1,1,0,0,1,1,64,64,1,1,0,0,1,1,8192,8192,1,1,rameau_en_sib,60
#853,1,(1298),0,re5,214962,216970,20,64,0,-1,0,0,2.0080,2.0080,1,0,0,0,0.0000,0.0000,0,1,0.0000,-1,OFF,0,0,127,127,0,0,127,127,90,90,1,1,0,0,1,1,64,64,1,1,0,0,1,1,8192,8192,1,1,rameau_en_sib,60
#854,1,(1304),0,si4,215466,216470,20,64,0,-1,0,0,1.0040,1.0040,1,0,0,0,0.0000,0.0000,0,1,0.0000,-1,OFF,0,0,127,127,0,0,127,127,90,90,1,1,0,0,1,1,64,64,1,1,0,0,1,1,8192,8192,1,1,rameau_en_sib,60
#855,1,(1301),0,sol5,216120,220138,20,64,0,-1,0,0,4.0180,4.0180,1,0,0,0,0.0000,0.0000,0,1,0.0000,-1,OFF,0,0,127,127,0,0,127,127,90,90,1,1,0,0,1,1,64,64,1,1,0,0,1,1,8192,8192,1,1,rameau_en_sib,60
#856,1,(1313),0,sol4,216121,218129,20,64,0,-1,0,0,2.0080,2.0080,1,0,0,0,0.0000,0.0000,0,1,0.0000,-1,OFF,0,0,127,127,0,0,127,127,90,90,1,1,0,0,1,1,64,64,1,1,0,0,1,1,8192,8192,1,1,rameau_en_sib,60
#857,1,(1307),0,si4,216606,217610,20,64,0,-1,0,0,1.0040,1.0040,1,0,0,0,0.0000,0.0000,0,1,0.0000,-1,OFF,0,0,127,127,0,0,127,127,90,90,1,1,0,0,1,1,64,64,1,1,0,0,1,1,8192,8192,1,1,rameau_en_sib,60
#858,1,(1315),0,lab4,217132,217252,20,64,0,-1,0,0,0.1200,0.1200,1,0,0,0,0.0000,0.0000,0,1,0.0000,-1,OFF,0,0,127,127,0,0,127,127,90,90,1,1,0,0,1,1,64,64,1,1,0,0,1,1,8192,8192,1,1,rameau_en_sib,60
#859,1,(1316),0,sol4,217173,217315,20,64,0,-1,0,0,0.1420,0.1420,1,0,0,0,0.0000,0.0000,0,1,0.0000,-1,OFF,0,0,127,127,0,0,127,127,90,90,1,1,0,0,1,1,64,64,1,1,0,0,1,1,8192,8192,1,1,rameau_en_sib,60
#860,1,(1318),0,lab4,217248,218996,20,64,0,-1,0,0,1.7480,1.7480,1,0,0,0,0.0000,0.0000,0,1,0.0000,-1,OFF,0,0,127,127,0,0,127,127,90,90,1,1,0,0,1,1,64,64,1,1,0,0,1,1,8192,8192,1,1,rameau_en_sib,60
#861,1,(1308),0,do5,217623,219633,20,64,0,-1,0,0,2.0100,2.0100,1,0,0,0,0.0000,0.0000,0,1,0.0000,-1,OFF,0,0,127,127,0,0,127,127,90,90,1,1,0,0,1,1,64,64,1,1,0,0,1,1,8192,8192,1,1,rameau_en_sib,60
#862,1,(1302),0,fa5,218125,220133,20,64,0,-1,0,0,2.0080,2.0080,1,0,0,0,0.0000,0.0000,0,1,0.0000,-1,OFF,0,0,127,127,0,0,127,127,90,90,1,1,0,0,1,1,64,64,1,1,0,0,1,1,8192,8192,1,1,rameau_en_sib,60
#863,1,(1319),0,la4,218131,219335,20,64,0,-1,0,0,1.2048,1.2048,1,0,0,0,0.0000,0.0000,0,1,0.0000,-1,OFF,0,0,127,127,0,0,127,127,90,90,1,1,0,0,1,1,64,64,1,1,0,0,1,1,8192,8192,1,1,rameau_en_sib,60
#864,1,(1309),0,do5,218632,219636,20,64,0,-1,0,0,1.0040,1.0040,1,0,0,0,0.0000,0.0000,0,1,0.0000,-1,OFF,0,0,127,127,0,0,127,127,90,90,1,1,0,0,1,1,64,64,1,1,0,0,1,1,8192,8192,1,1,rameau_en_sib,60
#865,1,(1332),0,fa5,219132,221140,20,64,0,-1,0,0,2.0080,2.0080,1,0,0,0,0.0000,0.0000,0,1,0.0000,-1,OFF,0,0,127,127,0,0,127,127,90,90,1,1,0,0,1,1,64,64,1,1,0,0,1,1,8192,8192,1,1,rameau_en_sib,60
#866,1,(1340),0,si4,219150,219210,20,64,0,-1,0,0,0.0600,0.0600,1,0,0,0,0.0000,0.0000,0,1,0.0000,-1,OFF,0,0,127,127,0,0,127,127,90,90,1,1,0,0,1,1,64,64,1,1,0,0,1,1,8192,8192,1,1,rameau_en_sib,60
#867,1,(1341),0,la4,219213,219283,20,64,0,-1,0,0,0.0700,0.0700,1,0,0,0,0.0000,0.0000,0,1,0.0000,-1,OFF,0,0,127,127,0,0,127,127,90,90,1,1,0,0,1,1,64,64,1,1,0,0,1,1,8192,8192,1,1,rameau_en_sib,60
#868,1,(1343),0,si4,219283,220167,20,64,0,-1,0,0,0.8840,0.8840,1,0,0,0,0.0000,0.0000,0,1,0.0000,-1,OFF,0,0,127,127,0,0,127,127,90,90,1,1,0,0,1,1,64,64,1,1,0,0,1,1,8192,8192,1,1,rameau_en_sib,60
#869,1,(1322),0,re5,219624,220628,20,64,0,-1,0,0,1.0040,1.0040,1,0,0,0,0.0000,0.0000,0,1,0.0000,-1,OFF,0,0,127,127,0,0,127,127,90,90,1,1,0,0,1,1,64,64,1,1,0,0,1,1,8192,8192,1,1,rameau_en_sib,60
#870,1,(1344),0,do5,220128,221133,20,64,0,-1,0,0,1.0050,1.0050,1,0,0,0,0.0000,0.0000,0,1,0.0000,-1,OFF,0,0,127,127,0,0,127,127,90,90,1,1,0,0,1,1,64,64,1,1,0,0,1,1,8192,8192,1,1,rameau_en_sib,60
#871,1,(1333),0,mib5,220152,222162,20,64,0,-1,0,0,2.0100,2.0100,1,0,0,0,0.0000,0.0000,0,1,0.0000,-1,OFF,0,0,127,127,0,0,127,127,90,90,1,1,0,0,1,1,64,64,1,1,0,0,1,1,8192,8192,1,1,rameau_en_sib,60
#872,1,(1323),0,do5,220648,221251,20,64,0,-1,0,0,0.6036,0.6036,1,0,0,0,0.0000,0.0000,0,1,0.0000,-1,OFF,0,0,127,127,0,0,127,127,90,90,1,1,0,0,1,1,64,64,1,1,0,0,1,1,8192,8192,1,1,rameau_en_sib,60
#873,1,(1345),0,fa4,221139,222143,20,64,0,-1,0,0,1.0040,1.0040,1,0,0,0,0.0000,0.0000,0,1,0.0000,-1,OFF,0,0,127,127,0,0,127,127,90,90,1,1,0,0,1,1,64,64,1,1,0,0,1,1,8192,8192,1,1,rameau_en_sib,60
#874,1,(1324),0,do5,221148,222152,20,64,0,-1,0,0,1.0040,1.0040,1,0,0,0,0.0000,0.0000,0,1,0.0000,-1,OFF,0,0,127,127,0,0,127,127,90,90,1,1,0,0,1,1,64,64,1,1,0,0,1,1,8192,8192,1,1,rameau_en_sib,60
#875,1,(1335),0,mib5,221163,221319,20,64,0,-1,0,0,0.1560,0.1560,1,0,0,0,0.0000,0.0000,0,1,0.0000,-1,OFF,0,0,127,127,0,0,127,127,90,90,1,1,0,0,1,1,64,64,1,1,0,0,1,1,8192,8192,1,1,rameau_en_sib,60
#876,1,(1337),0,re5,221268,222152,20,64,0,-1,0,0,0.8840,0.8840,1,0,0,0,0.0000,0.0000,0,1,0.0000,-1,OFF,0,0,127,127,0,0,127,127,90,90,1,1,0,0,1,1,64,64,1,1,0,0,1,1,8192,8192,1,1,rameau_en_sib,60
#877,1,(1326),0,si4,222133,222384,20,64,0,-1,0,0,0.2510,0.2510,1,0,0,0,0.0000,0.0000,0,1,0.0000,-1,OFF,0,0,127,127,0,0,127,127,90,90,1,1,0,0,1,1,64,64,1,1,0,0,1,1,8192,8192,1,1,rameau_en_sib,60
#878,1,(1346),0,sol4,222163,223167,20,64,0,-1,0,0,1.0040,1.0040,1,0,0,0,0.0000,0.0000,0,1,0.0000,-1,OFF,0,0,127,127,0,0,127,127,90,90,1,1,0,0,1,1,64,64,1,1,0,0,1,1,8192,8192,1,1,rameau_en_sib,60
#879,1,(1328),0,do5,222387,222558,20,64,0,-1,0,0,0.1710,0.1710,1,0,0,0,0.0000,0.0000,0,1,0.0000,-1,OFF,0,0,127,127,0,0,127,127,90,90,1,1,0,0,1,1,64,64,1,1,0,0,1,1,8192,8192,1,1,rameau_en_sib,60
#880,1,(1329),0,si4,222557,222727,20,64,0,-1,0,0,0.1700,0.1700,1,0,0,0,0.0000,0.0000,0,1,0.0000,-1,OFF,0,0,127,127,0,0,127,127,90,90,1,1,0,0,1,1,64,64,1,1,0,0,1,1,8192,8192,1,1,rameau_en_sib,60
#881,1,(1330),0,la4,222738,222909,20,64,0,-1,0,0,0.1710,0.1710,1,0,0,0,0.0000,0.0000,0,1,0.0000,-1,OFF,0,0,127,127,0,0,127,127,90,90,1,1,0,0,1,1,64,64,1,1,0,0,1,1,8192,8192,1,1,rameau_en_sib,60
#882,1,(1331),0,si4,222898,223149,20,64,0,-1,0,0,0.2510,0.2510,1,0,0,0,0.0000,0.0000,0,1,0.0000,-1,OFF,0,0,127,127,0,0,127,127,90,90,1,1,0,0,1,1,64,64,1,1,0,0,1,1,8192,8192,1,1,rameau_en_sib,60
#883,1,(1349),0,do5,223144,225374,20,64,0,-1,0,0,2.2300,2.2300,1,0,0,0,0.0000,0.0000,0,1,0.0000,-1,OFF,0,0,127,127,0,0,127,127,90,90,1,1,0,0,1,1,64,64,1,1,0,0,1,1,8192,8192,1,1,rameau_en_sib,60
#884,1,(1355),0,mib4,223145,225375,20,64,0,-1,0,0,2.2300,2.2300,1,0,0,0,0.0000,0.0000,0,1,0.0000,-1,OFF,0,0,127,127,0,0,127,127,90,90,1,1,0,0,1,1,64,64,1,1,0,0,1,1,8192,8192,1,1,rameau_en_sib,60
#885,1,(1348),0,sol4,223154,225364,20,64,0,-1,0,0,2.2100,2.2100,1,0,0,0,0.0000,0.0000,0,1,0.0000,-1,OFF,0,0,127,127,0,0,127,127,90,90,1,1,0,0,1,1,64,64,1,1,0,0,1,1,8192,8192,1,1,rameau_en_sib,60
#886,1,(1362),0,do4,223154,225384,20,64,0,-1,0,0,2.2300,2.2300,1,0,0,0,0.0000,0.0000,0,1,0.0000,-1,OFF,0,0,127,127,0,0,127,127,90,90,1,1,0,0,1,1,64,64,1,1,0,0,1,1,8192,8192,1,1,rameau_en_sib,60
#887,1,(1350),0,mib4,224242,226452,20,64,0,-1,0,0,2.2100,2.2100,1,0,0,0,0.0000,0.0000,0,1,0.0000,-1,OFF,0,0,127,127,0,0,127,127,90,90,1,1,0,0,1,1,64,64,1,1,0,0,1,1,8192,8192,1,1,rameau_en_sib,60
#888,1,(1363),0,do3,224279,226509,20,64,0,-1,0,0,2.2300,2.2300,1,0,0,0,0.0000,0.0000,0,1,0.0000,-1,OFF,0,0,127,127,0,0,127,127,90,90,1,1,0,0,1,1,64,64,1,1,0,0,1,1,8192,8192,1,1,rameau_en_sib,60
#889,1,(1358),0,do4,224814,227024,20,64,0,-1,0,0,2.2100,2.2100,1,0,0,0,0.0000,0.0000,0,1,0.0000,-1,OFF,0,0,127,127,0,0,127,127,90,90,1,1,0,0,1,1,64,64,1,1,0,0,1,1,8192,8192,1,1,rameau_en_sib,60
#890,1,(1352),0,re4,225365,226469,20,64,0,-1,0,0,1.1040,1.1040,1,0,0,0,0.0000,0.0000,0,1,0.0000,-1,OFF,0,0,127,127,0,0,127,127,90,90,1,1,0,0,1,1,64,64,1,1,0,0,1,1,8192,8192,1,1,rameau_en_sib,60
#891,1,(1364),0,sol2,225397,227647,20,64,0,-1,0,0,2.2500,2.2500,1,0,0,0,0.0000,0.0000,0,1,0.0000,-1,OFF,0,0,127,127,0,0,127,127,90,90,1,1,0,0,1,1,64,64,1,1,0,0,1,1,8192,8192,1,1,rameau_en_sib,60
#892,1,(1359),0,si3,225949,227075,20,64,0,-1,0,0,1.1260,1.1260,1,0,0,0,0.0000,0.0000,0,1,0.0000,-1,OFF,0,0,127,127,0,0,127,127,90,90,1,1,0,0,1,1,64,64,1,1,0,0,1,1,8192,8192,1,1,rameau_en_sib,60
#893,1,(1354),0,mib4,226480,228790,20,64,0,-1,0,0,2.3100,2.3100,1,0,0,0,0.0000,0.0000,0,1,0.0000,-1,OFF,0,0,127,127,0,0,127,127,90,90,1,1,0,0,1,1,64,64,1,1,0,0,1,1,8192,8192,1,1,rameau_en_sib,60
#894,1,(1365),0,do3,226518,228748,20,64,0,-1,0,0,2.2300,2.2300,1,0,0,0,0.0000,0.0000,0,1,0.0000,-1,OFF,0,0,127,127,0,0,127,127,90,90,1,1,0,0,1,1,64,64,1,1,0,0,1,1,8192,8192,1,1,rameau_en_sib,60
#895,1,(1361),0,do4,227064,229374,20,64,0,-1,0,0,2.3100,2.3100,1,0,0,0,0.0000,0.0000,0,1,0.0000,-1,OFF,0,0,127,127,0,0,127,127,90,90,1,1,0,0,1,1,64,64,1,1,0,0,1,1,8192,8192,1,1,rameau_en_sib,60
#896,1,(1384),0,fa2,227627,230037,20,64,0,-1,0,0,2.4100,2.4100,1,0,0,0,0.0000,0.0000,0,1,0.0000,-1,OFF,0,0,127,127,0,0,127,127,90,90,1,1,0,0,1,1,64,64,1,1,0,0,1,1,8192,8192,1,1,rameau_en_sib,60
#897,1,(1367),0,re4,227634,230044,20,64,0,-1,0,0,2.4100,2.4100,1,0,0,0,0.0000,0.0000,0,1,0.0000,-1,OFF,0,0,127,127,0,0,127,127,90,90,1,1,0,0,1,1,64,64,1,1,0,0,1,1,8192,8192,1,1,rameau_en_sib,60
#898,1,(1380),0,si3,228215,229421,20,64,0,-1,0,0,1.2060,1.2060,1,0,0,0,0.0000,0.0000,0,1,0.0000,-1,OFF,0,0,127,127,0,0,127,127,90,90,1,1,0,0,1,1,64,64,1,1,0,0,1,1,8192,8192,1,1,rameau_en_sib,60
#899,1,(1368),0,sol4,228825,231235,20,64,0,-1,0,0,2.4100,2.4100,1,0,0,0,0.0000,0.0000,0,1,0.0000,-1,OFF,0,0,127,127,0,0,127,127,90,90,1,1,0,0,1,1,64,64,1,1,0,0,1,1,8192,8192,1,1,rameau_en_sib,60
#900,1,(1385),0,mib2,228827,231237,20,64,0,-1,0,0,2.4100,2.4100,1,0,0,0,0.0000,0.0000,0,1,0.0000,-1,OFF,0,0,127,127,0,0,127,127,90,90,1,1,0,0,1,1,64,64,1,1,0,0,1,1,8192,8192,1,1,rameau_en_sib,60
#901,1,(1382),0,do4,229445,230651,20,64,0,-1,0,0,1.2060,1.2060,1,0,0,0,0.0000,0.0000,0,1,0.0000,-1,OFF,0,0,127,127,0,0,127,127,90,90,1,1,0,0,1,1,64,64,1,1,0,0,1,1,8192,8192,1,1,rameau_en_sib,60
#902,1,(1386),0,fa2,230026,232436,20,64,0,-1,0,0,2.4100,2.4100,1,0,0,0,0.0000,0.0000,0,1,0.0000,-1,OFF,0,0,127,127,0,0,127,127,90,90,1,1,0,0,1,1,64,64,1,1,0,0,1,1,8192,8192,1,1,rameau_en_sib,60
#903,1,(1370),0,sol4,230027,231233,20,64,0,-1,0,0,1.2060,1.2060,1,0,0,0,0.0000,0.0000,0,1,0.0000,-1,OFF,0,0,127,127,0,0,127,127,90,90,1,1,0,0,1,1,64,64,1,1,0,0,1,1,8192,8192,1,1,rameau_en_sib,60
#904,1,(1371),0,fa4,230617,231339,20,64,0,-1,0,0,0.7224,0.7224,1,0,0,0,0.0000,0.0000,0,1,0.0000,-1,OFF,0,0,127,127,0,0,127,127,90,90,1,1,0,0,1,1,64,64,1,1,0,0,1,1,8192,8192,1,1,rameau_en_sib,60
#905,1,(1373),0,fa4,231224,231274,20,64,0,-1,0,0,0.0500,0.0500,1,0,0,0,0.0000,0.0000,0,1,0.0000,-1,OFF,0,0,127,127,0,0,127,127,90,90,1,1,0,0,1,1,64,64,1,1,0,0,1,1,8192,8192,1,1,rameau_en_sib,60
#906,1,(1387),0,sol2,231252,233662,20,64,0,-1,0,0,2.4100,2.4100,1,0,0,0,0.0000,0.0000,0,1,0.0000,-1,OFF,0,0,127,127,0,0,127,127,90,90,1,1,0,0,1,1,64,64,1,1,0,0,1,1,8192,8192,1,1,rameau_en_sib,60
#907,1,(1383),0,si3,231253,233663,20,64,0,-1,0,0,2.4100,2.4100,1,0,0,0,0.0000,0.0000,0,1,0.0000,-1,OFF,0,0,127,127,0,0,127,127,90,90,1,1,0,0,1,1,64,64,1,1,0,0,1,1,8192,8192,1,1,rameau_en_sib,60
#908,1,(1374),0,mib4,231289,231340,20,64,0,-1,0,0,0.0510,0.0510,1,0,0,0,0.0000,0.0000,0,1,0.0000,-1,OFF,0,0,127,127,0,0,127,127,90,90,1,1,0,0,1,1,64,64,1,1,0,0,1,1,8192,8192,1,1,rameau_en_sib,60
#909,1,(1375),0,fa4,231345,231395,20,64,0,-1,0,0,0.0500,0.0500,1,0,0,0,0.0000,0.0000,0,1,0.0000,-1,OFF,0,0,127,127,0,0,127,127,90,90,1,1,0,0,1,1,64,64,1,1,0,0,1,1,8192,8192,1,1,rameau_en_sib,60
#910,1,(1377),0,mib4,231381,231833,20,64,0,-1,0,0,0.4520,0.4520,1,0,0,0,0.0000,0.0000,0,1,0.0000,-1,OFF,0,0,127,127,0,0,127,127,90,90,1,1,0,0,1,1,64,64,1,1,0,0,1,1,8192,8192,1,1,rameau_en_sib,60
#911,1,(1378),0,re4,231854,232456,20,64,0,-1,0,0,0.6020,0.6020,1,0,0,0,0.0000,0.0000,0,1,0.0000,-1,OFF,0,0,127,127,0,0,127,127,90,90,1,1,0,0,1,1,64,64,1,1,0,0,1,1,8192,8192,1,1,rameau_en_sib,60
#912,1,(1389),0,mib3,232436,234848,20,64,0,-1,0,0,2.4120,2.4120,1,0,0,0,0.0000,0.0000,0,1,0.0000,-1,OFF,0,0,127,127,0,0,127,127,90,90,1,1,0,0,1,1,64,64,1,1,0,0,1,1,8192,8192,1,1,rameau_en_sib,60
#913,1,(1392),0,mib3,232436,234848,20,64,0,-1,0,0,2.4120,2.4120,1,0,0,0,0.0000,0.0000,0,1,0.0000,-1,OFF,0,0,127,127,0,0,127,127,90,90,1,1,0,0,1,1,64,64,1,1,0,0,1,1,8192,8192,1,1,rameau_en_sib,60
#914,1,(1391),0,do4,232439,234851,20,64,0,-1,0,0,2.4120,2.4120,1,0,0,0,0.0000,0.0000,0,1,0.0000,-1,OFF,0,0,127,127,0,0,127,127,90,90,1,1,0,0,1,1,64,64,1,1,0,0,1,1,8192,8192,1,1,rameau_en_sib,60
#915,1,(1390),0,sol3,232441,234853,20,64,0,-1,0,0,2.4120,2.4120,1,0,0,0,0.0000,0.0000,0,1,0.0000,-1,OFF,0,0,127,127,0,0,127,127,90,90,1,1,0,0,1,1,64,64,1,1,0,0,1,1,8192,8192,1,1,rameau_en_sib,60
#916,1,(1393),0,do2,232447,234859,20,64,0,-1,0,0,2.4120,2.4120,1,0,0,0,0.0000,0.0000,0,1,0.0000,-1,OFF,0,0,127,127,0,0,127,127,90,90,1,1,0,0,1,1,64,64,1,1,0,0,1,1,8192,8192,1,1,rameau_en_sib,60
